sample,total_length,number,mean_length,longest,shortest,N_count,Gaps,N50,N50n,N70,N70n,N90,N90n,QC_Status
SAMEA5326355,1763645,87,20271.78,290001,239,0,0,89853,6,56843,11,20546,21,Pass QC
SAMEA4831723,2038374,103,19790.04,199815,201,0,0,69036,9,37386,17,21575,32,Pass QC
SAMEA3231264,480185,1206,398.16,10056,205,0,0,386,327,295,613,230,985,Fail QC
SAMEA1556695,4422095,255,17341.55,281445,200,0,0,105631,13,89002,23,36555,38,May be good for QC
SAMN02781367,5185400,103,50343.69,466091,224,0,0,240222,8,168199,13,103777,21,Pass QC
SAMN09914677,7239592,198,36563.6,253310,200,0,0,100420,24,64729,41,28071,73,May be good for QC
SAMN36935762,5621447,83,67728.28,1465339,212,0,0,547605,3,291698,6,109540,13,Pass QC
SAMEA1888902,4900559,279,17564.73,261237,201,0,0,98582,18,59735,31,23680,58,May be good for QC
SAMEA2247036,6111033,1192,5126.71,153756,200,0,0,15571,89,7841,204,2795,451,Fail QC
SAMN18118230,4381812,137,31984.03,295611,200,0,0,106956,14,84425,23,42746,36,Pass QC
SAMEA4966658,4403025,196,22464.41,396273,200,0,0,91136,15,51866,28,22029,53,Pass QC
SAMN09268912,5224278,131,39879.98,399175,209,0,0,219734,9,132707,16,69548,27,Pass QC
SAMN05276551,10956759,1454,7535.6,154071,201,0,0,19105,157,10955,308,3925,636,Fail QC
SAMEA1559215,1067701,25,42708.04,848662,206,0,0,848662,1,848662,1,200128,2,May be good for QC
SAMEA104360941,6125229,108,56715.08,895025,214,0,0,612077,4,253185,8,59075,18,Pass QC
SAMN09232674,8099412,2800,2892.65,36198,202,0,0,4343,534,2641,1012,1274,1886,Fail QC
SAMN02923749,517571,46,11251.54,42451,204,0,0,18893,9,15954,15,7806,24,Fail QC
SAMEA7552627,4357531,219,19897.4,160528,204,0,0,49461,29,35975,49,15459,86,May be good for QC
SAMEA13291991,4306232,190,22664.38,173935,218,0,0,54886,23,34729,43,16709,77,Pass QC
SAMN02738154,8433868,247,34145.21,528061,205,0,0,139984,16,68575,33,23217,75,May be good for QC
SAMEA1919896,11459441,2150,5329.97,116506,200,0,0,22991,126,10543,269,2034,785,Fail QC
SAMEA2444356,781885,1120,698.11,7535,205,0,0,873,257,577,479,335,831,Fail QC
SAMEA4927354,3589340,417,8607.53,84579,205,0,0,21794,45,13418,88,4490,173,May be good for QC
SAMEA5378516,5539928,103,53785.71,617887,202,0,0,317345,6,143358,11,67008,20,Pass QC
SAMN22202800,7819626,747,10468.04,379949,200,0,0,76870,28,43253,55,17727,111,Fail QC
SAMN07998988,4392366,213,20621.44,295570,200,0,0,93974,17,60714,28,23073,53,May be good for QC
SAMN03765103,2030570,123,16508.7,149963,203,200,2,44407,15,30145,26,13013,46,Fail QC
SAMD00253783,250332,75,3337.76,14729,221,0,0,7016,12,3604,23,1623,44,Fail QC
SAMN08886632,1987785,750,2650.38,55960,200,0,0,12665,43,5987,89,1465,215,Fail QC
SAMN41594458,2227575,63,35358.33,141873,223,0,0,71131,12,38865,20,23067,34,Pass QC
SAMN33940346,4359947,39,111793.51,1876594,212,0,0,878007,2,431620,3,125024,7,Pass QC
SAMEA112354796,1088336,1802,603.96,2326,200,0,0,619,629,497,1023,398,1512,Fail QC
SAMEA7225426,4513639,246,18348.13,334930,201,0,0,77526,18,42865,35,19797,66,May be good for QC
SAMN17732696,5910403,289,20451.22,184610,201,0,0,52893,34,28506,64,13385,123,May be good for QC
SAMEA7456135,13014783,566,22994.32,449904,201,0,0,138424,31,75577,56,29309,107,Fail QC
SAMN39918490,4227814,205,20623.48,522231,208,0,0,215796,6,39461,18,9074,66,May be good for QC
SAMEA8204158,9159953,135,67851.5,1538931,202,0,0,345534,7,247950,14,95445,25,May be good for QC
SAMEA5368187,2843524,184,15453.93,107722,205,0,0,44809,22,25632,38,10047,73,Pass QC
SAMD00253838,691107,127,5441.79,29979,255,0,0,11853,19,6993,35,2406,70,Fail QC
SAMN03249366,3371554,1213,2779.52,23050,224,0,0,3902,264,2543,477,1343,833,Fail QC
SAMN02567675,10724559,711,15083.77,417803,205,0,0,107876,27,43312,58,10651,154,Fail QC
SAMN15772763,3415669,2942,1161.0,12425,204,0,0,1537,695,1027,1239,559,2131,Fail QC
SAMD00320796,8813558,260,33898.3,918144,200,0,0,215810,11,155593,20,55219,37,May be good for QC
SAMEA4977830,7658536,132,58019.21,1608078,201,0,0,518027,5,126286,15,48413,33,May be good for QC
SAMN18118329,4384426,142,30876.24,295605,202,0,0,106794,13,72557,23,40508,38,Pass QC
SAMEA104317936,2978746,114,26129.35,173802,200,0,0,107632,12,49347,21,27139,36,Pass QC
SAMEA104369548,3085528,567,5441.85,30629,207,0,0,8669,108,4974,201,2566,367,Fail QC
SAMN41329238,4409501,185,23835.14,579394,219,0,0,69432,12,25788,34,11150,86,Pass QC
SAMEA104165357,13589756,382,35575.28,559203,201,0,0,179261,28,104380,47,46335,85,Fail QC
SAMN40030768,6369728,436,14609.47,197228,213,0,0,96595,24,25118,50,6741,153,May be good for QC
SAMEA4832910,2219625,194,11441.37,170430,200,0,0,80975,10,49679,17,19001,28,Pass QC
SAMN07344666,4329458,174,24881.94,178687,217,0,0,61546,23,40333,40,16119,72,Pass QC
SAMEA3252110,1429004,108,13231.52,81207,341,0,0,19461,22,12974,38,7208,65,May be good for QC
SAMN15144512,5026300,430,11689.07,264193,214,0,0,38560,41,25241,72,8471,137,May be good for QC
SAMN13568150,4675611,448,10436.63,85655,200,0,0,22550,68,14501,120,6526,212,May be good for QC
SAMEA5163228,3115632,300,10385.44,94102,203,0,0,27777,35,21465,61,7853,105,May be good for QC
SAMN11268636,3209739,719,4464.17,223054,232,0,0,7096,112,4053,233,1864,468,Fail QC
SAMEA112941911,5046318,219,23042.55,320943,203,0,0,104698,16,57824,28,16939,56,May be good for QC
SAMEA104352162,4839229,107,45226.44,545946,203,0,0,294681,6,144979,11,78122,20,Pass QC
SAMEA112938395,5081265,247,20571.92,332065,202,0,0,121894,14,71869,24,28004,47,May be good for QC
SAMEA5616250,8485578,279,30414.26,625726,201,0,0,136004,16,83243,32,32844,64,May be good for QC
SAMN24016635,8059429,189,42642.48,484558,202,0,0,178070,16,97453,28,49760,50,May be good for QC
SAMN32927295,3779449,243,15553.29,153558,200,0,0,53440,20,30147,39,12057,79,May be good for QC
SAMN02692960,4001032,207,19328.66,233996,201,0,0,76423,17,43580,30,14901,58,May be good for QC
SAMN04600694,9497756,1515,6269.15,187277,200,0,0,16457,95,7427,274,2811,693,Fail QC
SAMN41685456,6249554,1204,5190.66,177250,204,0,0,39664,46,10480,102,1686,466,Fail QC
SAMEA4727927,4816622,248,19421.86,175329,203,0,0,54339,26,32683,50,11279,97,May be good for QC
SAMEA7553171,4349359,216,20135.92,160996,217,0,0,51692,28,36014,49,16175,83,May be good for QC
SAMN10163183,4551946,353,12895.03,227208,207,200,2,105182,15,57183,27,14640,55,Fail QC
SAMN22442609,9628529,611,15758.64,203908,200,0,0,45770,61,27584,116,10024,227,Fail QC
SAMN12789323,2782258,40,69556.45,442867,237,0,0,221767,5,149536,8,43442,14,Pass QC
SAMN07609881,4218592,333,12668.44,111525,200,0,0,25197,51,15748,94,6707,177,May be good for QC
SAMN40188778,3030361,28,108227.18,862527,201,0,0,478796,3,364538,4,97943,8,Pass QC
SAMEA104447303,5050846,924,5466.28,52752,200,0,0,10858,141,6876,256,2892,472,Fail QC
SAMN41498831,8321327,486,17122.07,202679,201,0,0,38364,64,24380,118,13160,210,May be good for QC
SAMEA4967132,13892525,1061,13093.8,587755,200,0,0,53824,59,23789,135,5670,378,Fail QC
SAMEA8611027,11912830,184,64743.64,897188,201,0,0,295871,12,170761,23,65220,45,Fail QC
SAMN02391244,5542629,187,29639.73,349135,200,0,0,131276,15,64651,28,30812,53,Pass QC
SAMEA7455553,13098661,810,16171.19,342641,200,0,0,107398,36,60153,70,18979,146,Fail QC
SAMEA5163099,9061062,128,70789.55,925332,202,0,0,348070,8,253762,14,127028,25,May be good for QC
SAMN07373568,7151115,180,39728.42,576160,202,200,2,123129,17,79794,31,32379,59,Fail QC
SAMN06322128,9581884,510,18788.01,724806,209,0,0,46840,25,22782,87,8641,224,Fail QC
SAMN12024223,4592891,34,135085.03,1699018,221,0,0,1159827,2,475900,3,162197,6,Pass QC
SAMEA8718409,3885059,1765,2201.17,24064,208,0,0,3622,315,2115,596,954,1135,Fail QC
SAMN04516438,3732087,5322,701.26,17848,200,0,0,963,1006,582,2008,281,3846,Fail QC
SAMEA3726530,5222475,87,60028.45,1283219,208,0,0,335437,5,157147,10,55601,22,Pass QC
SAMN08626275,10921991,1061,10294.05,225438,200,0,0,53616,63,35330,113,15066,205,Fail QC
SAMEA6872196,4688479,412,11379.8,102392,200,0,0,24805,60,15909,107,6676,198,May be good for QC
SAMN14547752,5093685,118,43166.82,331508,205,0,0,158859,12,100707,21,42614,37,Pass QC
SAMEA7530769,10352968,423,24475.1,529109,200,0,0,116192,27,83277,48,41990,83,Fail QC
SAMN31942661,4388024,184,23847.96,161644,231,0,0,66063,22,48433,37,16962,69,Pass QC
SAMEA110354390,7239658,1333,5431.1,72902,211,0,0,13245,134,5935,297,1898,739,Fail QC
SAMEA113538117,4317758,162,26652.83,154498,205,0,0,74912,21,45649,35,24495,60,Pass QC
SAMN06250728,4284496,156,27464.72,227537,268,0,0,74755,19,47996,34,17317,62,Pass QC
SAMN25999751,4372431,80,54655.39,899808,200,0,0,381475,4,282235,6,87979,12,Pass QC
SAMEA1676690,4614663,139,33199.01,468075,207,0,0,131512,11,92678,20,36687,34,Pass QC
SAMEA7622517,3109379,1736,1791.12,40502,204,0,0,3609,200,1789,443,627,1061,Fail QC
SAMN40031374,4423730,165,26810.48,191782,210,0,0,104355,16,70285,26,26958,45,Pass QC
SAMN37457318,7027472,244,28801.11,243457,205,0,0,69726,30,49541,53,21022,96,May be good for QC
SAMN02598975,4383894,124,35353.98,281824,200,0,0,104259,13,64626,24,27837,41,Pass QC
SAMEA104157300,2180142,72,30279.75,525568,205,0,0,156015,3,81583,7,38059,15,Pass QC
SAMEA110354880,5128172,138,37160.67,613996,202,0,0,184286,8,92202,16,54174,31,Pass QC
SAMEA4889212,5592853,275,20337.65,585453,201,0,0,214486,9,113327,16,27894,33,May be good for QC
SAMD00028872,621827,658,945.03,6930,392,0,0,1138,155,701,295,469,514,Fail QC
SAMN21926411,6601331,715,9232.63,719580,201,0,0,129709,14,14277,37,3148,272,Fail QC
SAMN08134210,2963894,42,70568.9,793093,294,0,0,293742,3,239936,6,145661,8,Pass QC
SAMEA7554461,4275727,229,18671.3,179906,260,0,0,37123,35,24266,64,11875,111,May be good for QC
SAMN05868275,2775468,32,86733.38,1210242,220,0,0,702603,2,220762,3,84072,6,Pass QC
SAMEA6587189,4789587,190,25208.35,481204,210,0,0,80289,11,29806,32,10893,83,Pass QC
SAMN15242866,6322722,115,54980.19,1042056,204,0,0,537188,4,257375,8,71572,18,Pass QC
SAMEA69731668,4012027,60,66867.12,640109,216,0,0,222284,6,143178,10,53142,20,Pass QC
SAMN03479831,9766419,246,39700.89,645401,203,0,0,110431,25,79715,46,34247,82,May be good for QC
SAMEA2275270,2275180,2283,996.57,17069,200,0,0,1840,285,851,654,357,1534,Fail QC
SAMEA2626792,4447665,189,23532.62,411252,200,0,0,113430,9,45334,22,18092,55,Pass QC
SAMN08731602,10022913,137,73159.95,1379899,202,0,0,559796,7,440949,11,136371,21,Fail QC
SAMN41502673,3931407,123,31962.66,278053,212,0,0,81368,14,50844,26,22091,50,Pass QC
SAMN42034662,4822698,3014,1600.1,40789,200,0,0,6102,231,3492,438,682,971,Fail QC
SAMEA7621226,3702587,2662,1390.9,92854,203,0,0,15316,67,4957,151,328,1164,Fail QC
SAMN31308870,4691527,3179,1475.79,28405,200,0,0,6717,212,3580,401,362,1023,Fail QC
SAMN04624999,4634585,273,16976.5,207823,201,0,0,40442,34,24730,63,9786,124,May be good for QC
SAMEA4831502,8136626,403,20190.14,604140,201,0,0,128754,13,71724,30,26592,67,May be good for QC
SAMN18146727,13162977,595,22122.65,580344,200,0,0,136892,24,91398,48,41726,87,Fail QC
SAMN34233956,3501120,1130,3098.34,19665,247,0,0,4172,268,2789,476,1591,798,Fail QC
SAMN04903921,6102926,1826,3342.24,137942,201,0,0,25250,67,11789,136,1506,398,Fail QC
SAMEA104156793,4931791,200,24658.96,828095,205,200,2,90419,13,57626,25,14962,56,Fail QC
SAMN33769958,4716176,111,42488.07,613725,210,0,0,237749,6,148199,11,54093,22,Pass QC
SAMN17866092,6945988,866,8020.77,424616,205,0,0,81987,25,28204,55,2462,301,Fail QC
SAMEA5694342,8475325,168,50448.36,583580,200,0,0,245395,11,176042,19,88341,33,May be good for QC
SAMEA3304246,3068816,298,10298.04,112898,203,0,0,31604,29,20594,53,5830,106,May be good for QC
SAMN41390023,4380044,257,17042.97,237634,204,0,0,90267,16,50838,28,22604,51,May be good for QC
SAMN41759782,2111065,67,31508.43,305335,206,0,0,116116,7,71479,11,34035,19,Pass QC
SAMEA104399762,632466,957,660.88,9827,206,0,0,865,218,536,406,318,713,Fail QC
SAMN37997271,4283056,102,41990.75,555490,200,0,0,317611,5,164836,9,75882,16,Pass QC
SAMN06455236,2132004,245,8702.06,92508,209,0,0,21216,32,14274,55,5567,103,May be good for QC
SAMEA4040862,8668482,897,9663.86,229858,200,100,1,55975,45,19394,97,3662,325,Fail QC
SAMEA7457121,8640560,10045,860.19,91352,200,0,0,1792,868,730,2470,283,6327,Fail QC
SAMN41336031,2995848,27,110957.33,708104,212,0,0,642792,3,505677,4,350117,5,Pass QC
SAMEA6107522,5510862,181,30446.75,711327,203,0,0,302232,6,165779,11,55636,22,Pass QC
SAMN09492795,5102544,227,22478.17,349377,203,0,0,149766,12,104339,20,44695,33,May be good for QC
SAMEA3214752,2827963,150,18853.09,236683,203,0,0,122101,10,57571,16,34844,29,Pass QC
SAMN14908349,3718443,27,137720.11,1346363,223,0,0,1164202,2,499696,3,169161,5,Pass QC
SAMN09232775,1972176,989,1994.11,18662,343,0,0,2549,244,1710,432,974,736,Fail QC
SAMN08886258,1387399,55,25225.44,359741,202,0,0,127134,3,55193,7,14079,18,May be good for QC
SAMEA7552915,4407765,283,15575.14,242117,200,0,0,60687,21,39366,39,16641,72,May be good for QC
SAMN42378617,8514752,564,15097.08,543584,217,0,0,99328,16,27420,53,6843,183,Fail QC
SAMEA110666152,3675446,93,39520.92,561041,204,0,0,173906,7,118434,13,43593,23,Pass QC
SAMEA8989264,3957446,1679,2357.03,18312,200,0,0,3199,385,2117,689,1198,1179,Fail QC
SAMN41498577,7457790,196,38049.95,348803,206,0,0,89733,24,51645,46,21360,92,May be good for QC
SAMN09387930,4928276,334,14755.32,493593,208,0,0,253065,7,154308,12,81165,21,May be good for QC
SAMEA7530167,8494566,369,23020.5,439387,202,0,0,172657,17,84881,31,13529,77,May be good for QC
SAMEA4831524,10340633,4756,2174.23,288054,200,0,0,42708,54,6660,170,816,1175,Fail QC
SAMN07658337,4309087,151,28537.0,179514,204,0,0,69830,21,44607,37,19338,62,Pass QC
SAMN36376956,2663161,1802,1477.89,46573,200,0,0,6059,115,3235,233,325,712,Fail QC
SAMN33240006,2743489,103,26635.82,408540,215,0,0,134143,6,100434,10,47941,19,Pass QC
SAMEA1462727,2843288,94,30247.74,277968,203,0,0,73039,10,50275,19,23766,35,Pass QC
SAMEA9202816,11933946,262,45549.41,2281170,200,0,0,193712,10,90501,29,29941,74,Fail QC
SAMN41139548,2077955,79,26303.23,203189,203,0,0,126619,7,70861,11,48612,18,Pass QC
SAMN00690845,1976036,441,4480.81,44493,207,0,0,9562,55,5419,113,2116,225,May be good for QC
SAMN18436036,5344123,238,22454.3,237656,204,0,0,111922,16,57910,30,19028,60,May be good for QC
SAMN02782385,1806357,1022,1767.47,11157,300,0,0,2174,270,1499,472,909,778,Fail QC
SAMEA4831514,2441073,269,9074.62,75026,205,0,0,26804,28,13772,54,4586,114,May be good for QC
SAMN05780998,6939094,277,25050.88,227315,212,0,0,84468,28,47957,50,14903,100,May be good for QC
SAMN26366815,8829860,739,11948.39,692170,205,0,0,186888,12,12455,67,4460,313,Fail QC
SAMN22963456,8839294,983,8992.16,141269,203,0,0,25201,84,12635,184,3864,443,Fail QC
SAMN07658359,9806785,1894,5177.82,654800,211,0,0,56202,27,5415,246,1942,848,Fail QC
SAMN09207750,1842898,2211,833.51,9475,215,0,0,1043,547,738,967,404,1623,Fail QC
SAMEA8610823,14039734,602,23321.82,398909,202,0,0,44949,85,27745,162,12778,303,Fail QC
SAMN31673668,4437380,335,13245.91,123976,200,0,0,30652,47,19962,83,8847,147,May be good for QC
SAMN41339742,2960627,248,11938.01,176071,210,0,0,32359,23,18960,46,6034,98,May be good for QC
SAMEA4623320,7341327,102,71973.79,1048451,206,0,0,251685,7,124769,15,48847,32,May be good for QC
SAMN10966224,6040553,2552,2366.99,76013,201,0,0,6722,228,2895,500,701,1429,Fail QC
SAMD00065941,1285778,10,128577.8,938025,212,0,0,938025,1,938025,1,255001,2,May be good for QC
SAMEA6500579,2564130,408,6284.63,163643,200,0,0,29245,22,19201,42,4690,88,May be good for QC
SAMN30525329,3789264,61,62119.08,393223,206,0,0,177133,8,119339,13,57499,23,Pass QC
SAMEA3649804,5422274,164,33062.65,378608,221,0,0,159981,11,103944,20,29823,36,Pass QC
SAMN11268425,2906696,726,4003.71,37097,255,0,0,5816,157,3764,280,1847,498,Fail QC
SAMEA115829893,6906698,5807,1189.37,46540,200,0,0,2298,669,1184,1510,423,3484,Fail QC
SAMN25999721,3979356,33,120586.55,895939,203,0,0,436449,3,368780,5,271903,8,Pass QC
SAMEA7559888,4423208,404,10948.53,119774,203,0,0,30778,40,20496,75,9186,135,May be good for QC
SAMEA104317851,3087516,157,19665.71,291138,248,0,0,133576,9,77701,15,22209,29,Pass QC
SAMEA1530744,4376866,114,38393.56,292382,200,0,0,110957,13,92059,22,38841,36,Pass QC
SAMEA115708953,3032102,302,10040.07,72672,200,0,0,24432,39,16329,69,7123,124,May be good for QC
SAMN37847937,9222388,287,32133.76,267618,204,0,0,77020,38,49401,67,23858,120,May be good for QC
SAMEA5378705,6789994,182,37307.66,377381,207,0,0,148507,15,94960,26,31472,52,May be good for QC
SAMEA7588913,13027156,430,30295.71,648408,201,0,0,224102,21,141060,37,54825,64,Fail QC
SAMN02745599,2072236,199,10413.25,133479,208,0,0,65780,11,29299,21,9180,45,Pass QC
SAMN32961147,6070288,134,45300.66,551425,204,0,0,232067,9,166540,16,60591,28,Pass QC
SAMN05980587,6039383,4379,1379.17,38589,200,0,0,3223,455,1566,985,431,2530,Fail QC
SAMN41581133,4414077,169,26118.8,197421,200,0,0,86741,19,55834,32,25400,54,Pass QC
SAMN09257959,4766639,186,25627.09,272272,203,0,0,75156,22,41913,39,21221,70,Pass QC
SAMEA5192000,4324381,134,32271.5,965994,200,0,0,188301,4,101196,11,32220,26,Pass QC
SAMN03702826,340393,57,5971.81,37730,436,0,0,7992,12,5336,23,3414,39,Fail QC
SAMEA104156963,2169870,109,19907.06,347756,200,0,0,101317,5,67773,10,25903,19,Pass QC
SAMEA5379069,5673994,138,41115.9,723238,205,0,0,336189,6,238318,10,99424,17,Pass QC
SAMN29907167,6336872,8475,747.71,63005,200,0,0,1010,1567,636,3149,318,5894,Fail QC
SAMEA8204060,4098990,290,14134.45,681576,215,0,0,198903,6,163667,11,26916,21,May be good for QC
SAMEA8724421,6264708,2124,2949.49,563939,200,0,0,4814,118,2490,488,1157,1200,Fail QC
SAMEA7622568,1892014,57,33193.23,468359,207,0,0,159507,4,132151,6,90666,10,Pass QC
SAMN04958361,3170596,2724,1163.95,16638,200,0,0,2431,363,1393,708,421,1537,Fail QC
SAMN09225475,8239504,7082,1163.44,68523,200,0,0,2340,686,1019,1761,390,4478,Fail QC
SAMEA79004668,3112756,302,10307.14,113815,212,0,0,31748,30,18938,54,6049,108,May be good for QC
SAMN12603745,1823025,330,5524.32,148195,218,0,0,58171,11,29922,20,3400,51,May be good for QC
SAMN14832355,4971085,445,11170.98,82852,401,0,0,18343,79,10805,151,5659,276,May be good for QC
SAMN35774746,2253904,3327,677.46,5106,200,0,0,714,1030,555,1750,426,2678,Fail QC
SAMN03480023,9305481,436,21342.85,662396,211,0,0,67960,28,29932,74,11385,163,May be good for QC
SAMEA6142707,4726500,537,8801.68,66124,384,0,0,19583,76,12264,137,5407,251,Fail QC
SAMN16453407,1134933,384,2955.55,20661,211,0,0,4338,89,2829,155,1480,262,May be good for QC
SAMEA110024128,9812559,340,28860.47,491701,201,0,0,145032,23,73784,43,27543,83,May be good for QC
SAMN11268576,3290984,823,3998.77,62327,209,0,0,8214,98,4661,203,1910,421,Fail QC
SAMEA14370188,10223823,220,46471.92,1305056,200,0,0,251974,12,145758,22,60842,44,Fail QC
SAMN26366697,5775843,605,9546.85,1160144,201,0,0,381728,4,210585,8,66401,18,Fail QC
SAMEA114440178,5157602,388,13292.79,489075,209,0,0,153754,11,97960,19,42932,34,May be good for QC
SAMN41594337,2316677,31,74731.52,456082,220,0,0,232359,4,157330,6,114648,10,Pass QC
SAMN11847339,4953362,905,5473.33,159928,201,0,0,17153,72,7673,161,2562,386,Fail QC
SAMEA115129407,8125224,180,45140.13,347290,220,0,0,113286,22,67019,41,30587,75,May be good for QC
SAMEA8999909,4935633,369,13375.7,150194,201,0,0,43158,40,27767,67,11050,122,May be good for QC
SAMEA104164132,192481,838,229.69,601,200,0,0,227,387,216,561,206,743,Fail QC
SAMN04858634,7065017,233,30321.96,784189,200,0,0,228386,7,47993,21,11743,83,May be good for QC
SAMN08162479,5206077,142,36662.51,430964,209,200,2,188116,10,122885,17,50459,28,Fail QC
SAMN41421173,9412893,625,15060.63,206792,201,0,0,29326,79,16757,165,6910,336,Fail QC
SAMEA110354147,7029227,1242,5659.6,168838,202,0,0,20693,76,9162,179,2133,483,Fail QC
SAMD00030629,1805510,36,50153.06,689287,251,0,0,122984,3,67789,6,50236,12,Pass QC
SAMEA104352079,4952558,142,34877.17,404581,209,0,0,188109,9,105533,16,55749,28,Pass QC
SAMN19776869,5051971,162,31185.01,411261,204,0,0,131267,13,97211,22,41694,36,Pass QC
SAMN28538002,4418643,173,25541.29,230214,220,0,0,87723,18,61252,30,27378,50,Pass QC
SAMN06294834,3898290,1893,2059.32,27708,207,0,0,2878,381,1738,737,911,1350,Fail QC
SAMEA10427794,2088870,77,27128.18,357800,201,0,0,105207,6,74968,11,33723,18,Pass QC
SAMN05781001,7247204,283,25608.49,262580,212,0,0,89221,26,48055,48,14751,101,May be good for QC
SAMN20573962,3127857,423,7394.46,118728,201,0,0,25925,31,15638,62,4420,132,May be good for QC
SAMN04545218,1660577,55,30192.31,158602,202,0,0,100424,7,51723,12,22901,20,Pass QC
SAMEA3208663,4018825,2068,1943.34,39946,200,0,0,5192,189,2595,408,629,1028,Fail QC
SAMEA4658727,2138206,77,27768.91,353281,201,0,0,114871,7,68705,12,31242,21,Pass QC
SAMN05750743,5289368,236,22412.58,295624,200,0,0,112452,15,71027,27,23507,53,May be good for QC
SAMEA104694331,8950599,447,20023.71,453291,200,0,0,80947,36,47708,66,19319,123,May be good for QC
SAMN20708480,168117,3,56039.0,167077,461,0,0,167077,1,167077,1,167077,1,Fail QC
SAMN26000044,4101472,44,93215.27,1246900,201,0,0,437525,3,267612,6,210823,9,Pass QC
SAMN41641494,2845626,259,10986.97,121354,215,0,0,25891,36,16027,65,7697,113,May be good for QC
SAMEA3317825,3958910,113,35034.6,374247,205,0,0,144889,11,82729,18,25931,34,Pass QC
SAMN12599928,6939492,828,8381.03,415068,200,0,0,73134,23,16023,61,2829,305,Fail QC
SAMN09384968,4559053,701,6503.64,121660,216,0,0,12108,72,5704,188,2734,419,Fail QC
SAMN38637724,8081515,2556,3161.78,363458,200,0,0,104451,23,67148,43,12217,93,Fail QC
SAMEA8610407,2714366,117,23199.71,499284,223,0,0,391568,3,239357,5,8411,20,Pass QC
SAMEA7564383,7753950,1273,6091.08,127137,202,0,0,12090,124,5565,324,2406,748,Fail QC
SAMN09396953,9603350,690,13917.9,318103,215,0,0,37437,57,17260,132,6494,311,Fail QC
SAMN21616880,4356315,166,26242.86,222691,207,0,0,76663,19,41810,35,19764,63,Pass QC
SAMEA8989209,4096778,1823,2247.27,17728,202,0,0,3378,362,2196,665,1089,1186,Fail QC
SAMEA9425753,4362982,691,6314.01,66198,200,0,0,17259,79,11101,142,4158,265,Fail QC
SAMN41327923,2224856,43,51740.84,1106494,215,0,0,352807,2,246550,3,110596,5,Pass QC
SAMN30380935,6263581,362,17302.71,201953,219,0,0,59241,32,28536,63,12872,128,May be good for QC
SAMEA3304295,2984875,203,14703.82,154314,200,0,0,36706,20,21547,41,8471,81,May be good for QC
SAMN41332435,2661241,229,11621.14,184065,216,0,0,28631,26,16765,51,5680,102,May be good for QC
SAMN22442606,9544721,1016,9394.41,112561,200,0,0,24439,110,14517,212,5608,409,Fail QC
SAMN20834179,6213053,449,13837.53,1732032,201,0,0,486886,3,360055,6,41820,14,May be good for QC
SAMEA4441530,228424,484,471.95,3258,205,0,0,482,148,370,258,285,399,Fail QC
SAMEA115113303,2792910,41,68119.76,635227,206,0,0,198986,4,125023,7,72072,13,Pass QC
SAMN03466552,9710553,375,25894.81,449864,204,0,0,122637,26,60720,49,21069,103,May be good for QC
SAMEA7456940,7369375,326,22605.44,361188,200,0,0,134968,18,92105,31,32808,56,May be good for QC
SAMEA7297245,392425,534,734.88,11602,200,0,0,753,126,548,249,423,413,Fail QC
SAMEA1557167,2802185,67,41823.66,298864,222,0,0,107443,8,80241,14,36486,25,Pass QC
SAMEA4831688,2535177,233,10880.59,140469,203,0,0,41908,20,20959,37,6380,76,May be good for QC
SAMN41685599,4438141,319,13912.67,114705,202,0,0,38858,37,23312,67,9505,124,May be good for QC
SAMN03573880,4676816,1807,2588.17,26459,202,0,0,4107,345,2644,625,1220,1125,Fail QC
SAMN41416717,3457787,73,47366.95,347175,201,0,0,108217,10,52628,18,24669,35,Pass QC
SAMN04917389,1947038,545,3572.55,50873,200,0,0,19706,30,9902,58,1934,136,Fail QC
SAMEA104305331,10201725,523,19506.17,446293,230,0,0,92926,30,42261,64,9599,159,Fail QC
SAMEA1569419,4007780,67,59817.61,364274,209,0,0,171816,8,111034,14,43853,25,Pass QC
SAMEA7546512,4057716,1350,3005.72,21603,217,0,0,5143,228,3058,431,1355,820,Fail QC
SAMEA110347588,6778031,220,30809.23,504585,220,0,0,172973,10,85988,20,21568,55,May be good for QC
SAMEA4832005,11760256,679,17319.96,244556,200,0,0,68229,49,47919,90,20291,165,Fail QC
SAMN11268615,1955928,893,2190.29,34738,200,0,0,7070,76,2811,165,774,447,Fail QC
SAMN33941004,4238132,34,124650.94,1065413,210,0,0,1021163,3,1021163,3,287029,5,Pass QC
SAMEA4780983,5346083,57,93790.93,1091438,208,0,0,824672,3,338057,6,112879,10,Pass QC
SAMN28606483,4842524,180,26902.91,385560,207,0,0,130426,12,94148,20,36755,34,Pass QC
SAMN02923774,1823562,305,5978.89,41948,200,0,0,17407,35,10166,61,2815,127,May be good for QC
SAMN00102876,1900048,4201,452.28,8676,200,0,0,475,1270,366,2184,268,3399,Fail QC
SAMN34996524,1332591,34,39193.85,297659,200,0,0,149069,3,118667,5,61448,8,May be good for QC
SAMN42034784,4447146,231,19251.71,204740,202,0,0,94442,18,61256,30,26616,52,May be good for QC
SAMEA6063594,4359127,155,28123.4,242524,252,0,0,66173,18,49814,33,20022,59,Pass QC
SAMEA104314863,2882666,17,169568.59,1267819,238,0,0,435016,2,375902,3,117536,7,Pass QC
SAMEA111271720,5417628,253,21413.55,301800,215,0,0,104043,17,46198,33,19078,68,May be good for QC
SAMN24020354,5127494,1604,3196.69,40345,221,0,0,4612,303,2974,578,1552,1044,Fail QC
SAMEA112879665,5895952,1209,4876.72,490362,201,0,0,180181,10,86592,20,1212,352,Fail QC
SAMN41335602,4051493,173,23419.03,444085,205,0,0,86151,14,31927,31,12285,72,Pass QC
SAMEA115708351,3308395,378,8752.37,110194,200,0,0,31608,30,17351,57,4072,133,May be good for QC
SAMN41498579,9780127,771,12684.99,152338,201,0,0,35412,85,23073,153,9817,278,Fail QC
SAMEA8900777,5027952,2350,2139.55,57116,201,0,0,8555,154,4149,327,813,829,Fail QC
SAMN21037163,5466038,248,22040.48,296650,203,0,0,159539,13,106301,21,31709,40,May be good for QC
SAMN05290038,6447207,688,9370.94,133864,200,0,0,38438,52,24947,94,10268,175,Fail QC
SAMN04388570,5858256,1343,4362.07,111541,200,0,0,18306,99,11316,181,4078,339,Fail QC
SAMN07708565,5297928,400,13244.82,375423,204,0,0,111386,15,61615,29,19737,58,May be good for QC
SAMN22962667,10788442,3811,2830.87,185181,200,0,0,15320,126,4776,397,1062,1397,Fail QC
SAMEA3317731,4241628,293,14476.55,243717,200,0,0,45586,27,27365,51,9806,101,May be good for QC
SAMEA104446935,5115877,2171,2356.46,29369,200,0,0,5068,291,3048,549,1160,1067,Fail QC
SAMN06314721,469288,88,5332.82,45305,200,0,0,12948,10,7851,19,3534,37,Fail QC
SAMD00254127,154746,51,3034.24,41810,441,0,0,15631,3,4325,6,724,28,Fail QC
SAMN29625174,4866733,529,9199.87,138118,200,0,0,40916,40,25786,70,10463,128,Fail QC
SAMEA7577812,5087076,473,10754.92,157571,200,0,0,43213,35,28383,64,9914,126,May be good for QC
SAMN13829702,5143533,250,20574.13,661657,201,0,0,140011,11,92218,20,23213,44,May be good for QC
SAMEA5803252,4878068,3064,1592.06,106749,201,0,0,10171,100,3892,255,424,1290,Fail QC
SAMEA7549734,4366010,273,15992.71,125612,200,0,0,44963,32,27306,57,12000,105,May be good for QC
SAMN23578012,6027413,2726,2211.08,40404,200,0,0,6080,290,3225,557,678,1308,Fail QC
SAMEA4892959,5885081,115,51174.62,711957,222,0,0,203581,8,126322,16,51044,30,Pass QC
SAMN41341799,6893941,179,38513.64,327413,201,0,0,108264,19,65620,35,28080,64,May be good for QC
SAMN01908901,4355136,124,35122.06,229999,203,0,0,96003,16,63009,28,35145,46,Pass QC
SAMEA115419177,2155315,790,2728.25,28509,223,0,0,5655,106,3265,203,990,437,Fail QC
SAMEA7588795,13078469,962,13595.08,521225,200,0,0,84873,47,48334,87,16471,174,Fail QC
SAMN18117916,4383969,140,31314.06,295609,216,0,0,101976,14,72554,24,36835,40,Pass QC
SAMEA698228,2759270,135,20439.04,169237,200,0,0,42280,20,29297,36,14186,63,Pass QC
SAMN11095733,4788749,55,87068.16,749936,204,0,0,381884,5,213833,9,89035,16,Pass QC
SAMEA6543340,2579846,225,11465.98,78662,204,0,0,38461,26,20255,44,6091,87,May be good for QC
SAMEA104446944,5178527,1017,5091.96,53632,201,0,0,10480,153,6229,283,2668,524,Fail QC
SAMEA6107560,9536190,6723,1418.44,62274,200,0,0,3806,527,1387,1360,526,3796,Fail QC
SAMEA4620495,3751748,67,55996.24,529449,202,0,0,239787,5,125197,9,64510,16,Pass QC
SAMEA3304231,3042752,190,16014.48,141168,200,0,0,52276,19,26852,35,10898,69,Pass QC
SAMN05965616,9087301,425,21381.88,260330,202,0,0,92631,34,55429,58,20824,108,May be good for QC
SAMN03791088,1706915,45,37931.44,246350,219,0,0,80516,6,57909,10,24384,19,Pass QC
SAMN28743873,2060644,2026,1017.1,23108,205,0,0,1239,483,830,887,498,1523,Fail QC
SAMN41328302,8160455,336,24287.07,480587,215,0,0,88858,26,56321,49,19561,93,May be good for QC
SAMEA4781828,5715968,149,38362.2,434110,200,0,0,198624,10,160359,17,48185,30,Pass QC
SAMEA111538548,2846896,219,12999.53,127851,213,0,0,38983,22,21511,41,8076,82,May be good for QC
SAMEA4620940,1853779,49,37832.22,152177,216,0,0,83627,9,62913,14,29001,22,Pass QC
SAMN21208643,5748628,1372,4189.96,82604,201,0,0,19729,86,11728,161,3569,327,Fail QC
SAMN07428385,4023083,69,58305.55,454754,256,0,0,162395,8,96831,15,29143,28,Pass QC
SAMN12250443,8504778,198,42953.42,818547,200,0,0,198230,13,127533,24,56326,45,May be good for QC
SAMN05192534,3654016,86,42488.56,994380,205,100,1,222225,4,165681,8,57279,15,May be good for QC
SAMN32508626,6914758,2079,3326.0,76523,200,0,0,9358,168,3693,408,1264,1040,Fail QC
SAMN33769966,3797010,180,21094.5,188473,200,0,0,52239,19,34033,36,15411,67,Pass QC
SAMD00254156,154648,28,5523.14,84651,253,0,0,84651,1,10260,3,1684,12,Fail QC
SAMN16966023,4360390,164,26587.74,242279,202,0,0,59578,21,40824,38,19411,67,Pass QC
SAMN07344696,4456766,314,14193.52,219237,210,0,0,41381,32,29651,57,13225,102,May be good for QC
SAMN20967927,3017576,459,6574.24,258908,203,0,0,82666,10,40774,21,2356,79,May be good for QC
SAMN24849512,2794262,245,11405.15,127615,200,0,0,39447,20,21346,39,8961,77,May be good for QC
SAMN06330512,9182400,634,14483.28,1364527,257,200,2,98839,17,14228,68,5331,286,Fail QC
SAMEA7353865,6959858,2363,2945.35,153261,201,0,0,20864,76,2906,272,926,1158,Fail QC
SAMN16824819,5041587,125,40332.7,376920,200,0,0,224325,9,108342,15,45489,28,Pass QC
SAMN00103218,1350251,3573,377.9,26130,200,0,0,366,963,275,1826,220,2930,Fail QC
SAMEA919819,4343751,204,21292.9,132216,217,0,0,58356,27,37264,45,16124,80,May be good for QC
SAMEA69643168,5742837,204,28151.16,417771,204,0,0,161591,11,94312,21,27998,42,May be good for QC
SAMN19687877,9860721,1401,7038.34,286068,200,0,0,33670,69,17192,152,6459,329,Fail QC
SAMEA4966927,2670356,658,4058.29,63831,200,0,0,15314,45,7474,96,2278,221,Fail QC
SAMN06555570,4150281,403,10298.46,1022299,270,100,1,376983,4,70726,9,2891,148,May be good for QC
SAMEA1026167,5697473,394,14460.59,689031,205,0,0,127434,14,84325,25,11636,51,May be good for QC
SAMN10992012,10767873,187,57582.21,1288135,200,0,0,685454,6,408637,10,145664,19,Fail QC
SAMN07690370,11667072,496,23522.32,628001,216,0,0,80702,42,42088,83,13921,178,Fail QC
SAMN42074397,2407134,2224,1082.34,39402,200,0,0,2521,189,1054,485,339,1287,Fail QC
SAMN33288054,8743527,284,30787.07,663190,395,0,0,201747,10,139753,20,16055,57,May be good for QC
SAMN11025593,5544917,648,8556.97,393283,201,0,0,169617,12,105459,19,2371,155,Fail QC
SAMN08797108,6888621,950,7251.18,188247,207,0,0,32891,46,10900,115,2451,418,Fail QC
SAMN16278029,5454779,661,8252.31,69411,204,0,0,12085,140,8156,251,4307,434,Fail QC
SAMN37350342,4828135,82,58879.7,533528,205,0,0,214142,7,160591,12,72425,20,Pass QC
SAMEA8610876,13488440,188,71747.02,1048532,205,0,0,240877,17,158589,30,71090,56,Fail QC
SAMN08395631,3513910,871,4034.34,34051,224,0,0,6224,175,3924,317,1916,573,Fail QC
SAMEA4964440,3793956,916,4141.87,97641,202,0,0,16064,73,7839,143,1814,342,Fail QC
SAMN05763386,4976321,217,22932.35,258684,223,0,0,54555,24,40820,45,19247,78,May be good for QC
SAMN26553908,4608692,515,8948.92,242217,202,0,0,59515,21,35057,41,8827,85,Fail QC
SAMEA8611284,13023108,639,20380.45,403144,201,0,0,108254,37,70501,67,23592,128,Fail QC
SAMEA5803137,3219717,3194,1008.05,42893,205,0,0,4214,165,985,474,292,1818,Fail QC
SAMN18146434,2468682,91,27128.37,301037,203,0,0,119576,7,89255,12,37100,20,Pass QC
SAMEA3504609,4365229,128,34103.35,281519,205,0,0,96659,16,70523,26,30239,42,Pass QC
SAMEA4832425,11009640,3152,3492.91,431484,200,0,0,80485,34,19367,84,1432,661,Fail QC
SAMEA7550011,4353669,237,18369.91,142375,202,0,0,54001,28,31529,49,13567,88,May be good for QC
SAMEA1559565,1806930,113,15990.53,323550,202,0,0,136196,5,101986,8,14711,13,Pass QC
SAMN37210558,6253985,709,8820.85,120199,210,0,0,34544,52,12355,113,4330,287,Fail QC
SAMEA7589118,13200841,317,41643.03,760861,201,0,0,162165,25,96318,46,43839,86,Fail QC
SAMEA104305220,3776994,37,102080.92,751855,209,0,0,403830,4,222494,6,104503,10,Pass QC
SAMN15677290,7121593,234,30434.16,281784,200,0,0,61521,33,37534,62,17990,117,May be good for QC
SAMN06266937,741031,316,2345.03,16028,200,0,0,4888,47,3298,85,1447,150,Fail QC
SAMN06437175,7821681,3095,2527.2,276507,203,0,0,58164,35,4065,104,712,1363,Fail QC
SAMEA6145410,5855002,4233,1383.18,40360,201,0,0,3928,405,2154,805,446,2051,Fail QC
SAMEA6566935,1859087,109,17055.84,332361,207,0,0,280450,3,209694,5,66657,9,Pass QC
SAMN26553928,4390514,173,25378.69,228153,239,0,0,69504,20,41900,35,16952,67,Pass QC
SAMN07659963,5515628,276,19984.16,187147,203,0,0,59340,26,31867,51,13144,102,May be good for QC
SAMN05294056,4502354,1943,2317.22,15508,203,0,0,3102,444,2109,798,1161,1357,Fail QC
SAMEA4966776,2088112,70,29830.17,261707,201,0,0,130558,6,97102,10,55823,16,Pass QC
SAMN19657753,4391947,185,23740.25,196865,206,0,0,66631,22,45306,37,20454,64,Pass QC
SAMN00116426,9074722,1638,5540.12,120746,201,0,0,14669,140,7216,322,2495,739,Fail QC
SAMN09484467,9245469,653,14158.45,287416,200,0,0,40207,49,18478,120,7329,279,Fail QC
SAMN03922995,7876307,9911,794.7,30907,200,0,0,2615,690,970,1688,215,6208,Fail QC
SAMN12374383,5267926,2174,2423.15,41151,200,0,0,7135,217,3768,416,938,949,Fail QC
SAMEA115097525,6850708,1762,3888.03,75852,200,0,0,11334,152,5775,320,1629,750,Fail QC
SAMN24016221,10499189,229,45847.99,449808,205,0,0,180937,21,105227,36,50003,64,Fail QC
SAMN41327819,2276018,42,54190.9,450043,223,0,0,343244,3,131948,6,64010,12,Pass QC
SAMEA115165491,2777162,68,40840.62,434921,201,0,0,217099,4,125733,8,39373,17,Pass QC
SAMN14390386,2847075,37,76947.97,1334170,201,0,0,397256,2,324406,3,98536,7,Pass QC
SAMEA8718424,4002936,1485,2695.58,20531,220,0,0,4557,253,2700,479,1189,922,Fail QC
SAMN15314921,5390716,130,41467.05,466853,200,0,0,240354,9,194998,14,93676,21,Pass QC
SAMN02738155,2157537,1625,1327.72,9825,200,0,0,2068,314,1239,585,577,1087,Fail QC
SAMEA114241849,3790205,368,10299.47,98953,200,0,0,36565,36,22948,63,10880,106,May be good for QC
SAMEA104421567,4500240,348,12931.72,130867,203,100,1,27945,48,19170,87,7022,161,May be good for QC
SAMEA2057481,2141115,249,8598.86,80596,206,0,0,23357,27,16493,49,6064,89,May be good for QC
SAMN34237459,113269,101,1121.48,5759,255,0,0,1144,36,929,58,775,85,Fail QC
SAMN26542789,8458776,8928,947.44,56421,200,0,0,1723,889,761,2412,339,5797,Fail QC
SAMN28610673,4810543,447,10761.84,138621,222,0,0,22647,60,14070,115,5930,216,May be good for QC
SAMEA12361905,58150,158,368.04,7547,201,0,0,359,47,274,84,219,131,Fail QC
SAMEA4831670,6237775,327,19075.76,496933,201,0,0,81726,19,42011,39,15924,83,May be good for QC
SAMEA115874903,2907900,167,17412.57,109099,207,0,0,31271,29,21647,51,11926,88,Pass QC
SAMN07163117,11426430,368,31050.08,413952,202,100,1,83930,37,46520,73,21436,144,Fail QC
SAMN06477609,4736216,430,11014.46,527975,251,100,1,153608,9,10719,35,3767,188,May be good for QC
SAMN08886334,1376429,67,20543.72,200681,201,0,0,65047,7,26964,15,10778,30,May be good for QC
SAMEA4966053,3060530,3399,900.42,38703,202,0,0,1815,373,910,852,270,2054,Fail QC
SAMN12670443,5153206,401,12850.89,155498,200,0,0,54599,28,33416,54,11584,102,May be good for QC
SAMN00768192,5620657,196,28676.82,696038,214,0,0,258703,7,129838,14,42868,28,Pass QC
SAMEA5694471,8204143,316,25962.48,502642,203,0,0,118081,20,61827,39,26440,80,May be good for QC
SAMN06476172,6510902,107,60849.55,784189,204,0,0,241389,7,138916,14,58789,28,May be good for QC
SAMN26814541,4254591,148,28747.24,185191,240,0,0,64260,20,38676,37,16134,69,Pass QC
SAMN38266219,392795,239,1643.49,10910,201,0,0,1743,59,1281,112,860,187,Fail QC
SAMN36965213,8345711,105,79482.96,667915,216,0,0,241807,11,124308,21,58282,40,May be good for QC
SAMN40032349,9053168,2166,4179.67,637803,203,0,0,29880,51,10408,157,1399,691,Fail QC
SAMN32746378,4365287,191,22854.91,158291,202,0,0,64246,22,43170,37,16089,68,Pass QC
SAMEA4831552,14977641,7302,2051.17,422852,200,0,0,16744,114,3896,533,769,2279,Fail QC
SAMN18266606,335528,116,2892.48,64235,602,0,0,4424,18,2100,39,1271,80,Fail QC
SAMEA113537577,8444161,605,13957.29,372102,203,0,0,37898,49,21623,107,7117,234,Fail QC
SAMN03922967,5509274,900,6121.42,97503,201,100,1,22280,73,14204,134,6030,245,Fail QC
SAMEA1059649,6028376,273,22081.96,489743,205,0,0,135941,12,75368,24,29512,48,May be good for QC
SAMN11848734,5184608,382,13572.27,141640,201,0,0,47132,34,28000,63,8594,123,May be good for QC
SAMN38372665,4316154,145,29766.58,1101215,216,0,0,235657,5,148749,9,81404,17,Pass QC
SAMN41139990,2116243,104,20348.49,185966,201,0,0,80723,9,49672,16,22915,28,Pass QC
SAMEA2769966,4904646,945,5190.1,108330,200,0,0,31916,42,15979,84,2582,234,Fail QC
SAMN19341796,2059502,675,3051.11,55335,200,0,0,9249,62,4078,129,995,344,Fail QC
SAMEA5244767,2096364,189,11091.87,159468,203,0,0,47884,14,25977,26,10781,49,Pass QC
SAMN11268570,3302037,835,3954.54,58426,207,0,0,10714,81,6481,162,1797,347,Fail QC
SAMEA7622039,3127676,2258,1385.15,71234,203,0,0,2674,270,1318,611,561,1379,Fail QC
SAMN36995497,1463076,1048,1396.06,7062,258,0,0,1623,276,1080,496,744,827,Fail QC
SAMN11847738,2450801,56,43764.3,367833,204,0,0,115495,6,66303,11,32296,20,Pass QC
SAMEA91204168,255993,18,14221.83,93858,504,0,0,53880,2,29783,4,5995,6,Fail QC
SAMN10076933,4974383,270,18423.64,197818,206,0,0,56941,27,32647,50,13458,95,May be good for QC
SAMN14530505,8967429,972,9225.75,80278,200,0,0,20022,131,11657,248,4499,484,Fail QC
SAMN42278245,6248956,489,12779.05,228197,207,0,0,43249,39,17891,85,5655,207,May be good for QC
SAMEA104694358,3018752,45,67083.38,711495,215,0,0,197365,5,184537,8,77398,13,Pass QC
SAMEA29775418,2125032,161,13198.96,171166,203,200,2,51526,13,36146,23,14273,41,Fail QC
SAMN35126929,2051962,243,8444.29,59260,202,0,0,20230,32,13091,56,6090,100,May be good for QC
SAMEA111271968,8826194,601,14685.85,395210,200,0,0,59684,31,23618,79,7715,209,Fail QC
SAMN09071691,1749849,53,33016.02,321495,236,0,0,190678,4,107759,6,67887,10,Pass QC
SAMEA115741314,4388455,92,47700.6,393127,207,0,0,196186,9,123297,15,64712,24,Pass QC
SAMEA2204119,2429872,331,7341.0,137347,200,0,0,20388,31,11468,62,4178,131,May be good for QC
SAMEA114470135,1739799,80,21747.49,269248,223,0,0,153650,5,103877,7,56475,12,Pass QC
SAMN38562817,2968643,356,8338.88,89709,244,0,0,19522,46,12075,85,4869,160,May be good for QC
SAMN39264341,2148834,309,6954.16,278213,206,0,0,115299,6,37053,14,5135,46,May be good for QC
SAMEA3168583,2390822,2015,1186.51,31504,205,0,0,2352,245,1105,540,398,1288,Fail QC
SAMN34998738,2597124,66,39350.36,1274165,223,0,0,318170,2,136801,4,44251,9,Pass QC
SAMN08362527,4521930,659,6861.81,67021,200,0,0,19781,67,11196,126,3996,254,Fail QC
SAMN03300750,10461108,509,20552.28,227591,235,700,7,42368,67,24813,132,10855,257,Fail QC
SAMEA114462238,1778242,159,11183.91,120323,208,0,0,31330,17,19036,32,9170,57,Pass QC
SAMEA7469834,5297814,158,33530.47,351413,212,0,0,97611,15,69279,27,29798,51,Pass QC
SAMN41336335,5124008,266,19263.19,321225,203,0,0,81272,16,55495,32,19001,60,May be good for QC
SAMN10516502,2051057,72,28486.9,291655,219,0,0,182435,5,166608,7,32389,12,Pass QC
SAMN07659479,11935952,2600,4590.75,115586,202,0,0,16903,180,7449,387,1638,1107,Fail QC
SAMN26366739,6402446,1372,4666.51,1318423,201,0,0,207678,8,99601,16,1049,286,Fail QC
SAMEA1466647,4856426,216,22483.45,269156,208,0,0,72421,22,49407,38,19406,68,May be good for QC
SAMEA8724426,4879512,1562,3123.89,46582,200,0,0,9708,144,5463,279,1199,611,Fail QC
SAMN18146690,10642327,329,32347.5,573256,200,0,0,136890,23,95629,42,41756,75,Fail QC
SAMEA104458069,6885512,483,14255.72,400034,202,0,0,134149,13,41314,30,6886,123,May be good for QC
SAMN06094071,10014845,551,18175.76,298478,223,0,0,41455,46,20443,118,8443,266,Fail QC
SAMN25989340,5850972,273,21432.13,373971,201,0,0,144289,12,95887,22,32924,42,May be good for QC
SAMN32646637,7722203,1202,6424.46,532711,225,0,0,216724,12,124467,21,1572,220,Fail QC
SAMEA112354718,682848,1305,523.26,2294,201,0,0,515,496,443,783,384,1115,Fail QC
SAMN02369367,1825257,110,16593.25,92926,216,0,0,44611,15,27893,26,9769,45,Pass QC
SAMEA7356876,8576378,10818,792.79,52674,200,0,0,1817,827,632,2572,251,7017,Fail QC
SAMEA6534573,2141042,219,9776.45,127598,202,0,0,47565,16,25398,28,8574,55,May be good for QC
SAMN08886155,1500971,56,26803.05,374057,376,0,0,89330,5,47203,10,21230,19,Pass QC
SAMN02194908,878209,148,5933.84,58292,206,0,0,15197,15,7304,31,3379,66,Fail QC
SAMEA2060076,2089057,227,9202.89,65087,202,0,0,22831,29,16843,50,6285,90,May be good for QC
SAMN41332129,2235614,181,12351.46,164146,218,0,0,27631,22,16984,43,6743,83,Pass QC
SAMEA1877662,2273465,248,9167.2,127564,200,0,0,40481,18,23618,33,6171,66,May be good for QC
SAMN07314131,322248,220,1464.76,46258,200,0,0,8103,9,4089,20,322,65,Fail QC
SAMEA7524893,8772158,569,15416.8,224399,201,0,0,35336,68,19807,134,7988,267,Fail QC
SAMN18128811,10860263,368,29511.58,431369,201,0,0,105784,28,72272,53,26009,103,Fail QC
SAMN41139786,2074476,75,27659.68,198332,206,0,0,88367,8,59580,14,32118,23,Pass QC
SAMN41497262,3364855,99,33988.43,298804,205,0,0,139068,9,80338,16,41550,26,Pass QC
SAMN08102619,14372228,648,22179.36,264655,200,0,0,53072,77,34224,146,14768,268,Fail QC
SAMEA114309674,2874815,2280,1260.88,25353,200,0,0,2709,260,1244,574,491,1344,Fail QC
SAMN07658272,5830135,222,26261.87,319785,205,0,0,65532,25,35172,50,16733,96,May be good for QC
SAMN31564017,4388838,147,29856.04,204878,205,0,0,80526,18,53244,31,26981,54,Pass QC
SAMEA8610564,2734604,109,25088.11,335990,202,0,0,130081,8,72240,14,35552,24,Pass QC
SAMEA4561184,4070257,412,9879.26,103532,201,100,1,30122,41,20766,73,8819,128,May be good for QC
SAMEA115084449,4293476,1520,2824.66,22697,203,0,0,4008,346,2709,608,1421,1035,Fail QC
SAMN02782269,603550,579,1042.4,6438,201,0,0,1400,124,814,240,636,412,Fail QC
SAMN40031015,4362068,165,26436.78,174902,210,0,0,98980,17,71630,26,26601,44,Pass QC
SAMN42024020,6751009,472,14302.99,386923,212,0,0,36796,38,15866,96,6188,228,May be good for QC
SAMN11849583,3880438,896,4330.85,311613,201,0,0,37748,25,11437,56,1516,321,Fail QC
SAMN31564042,4366961,164,26627.81,205052,208,0,0,82368,18,52876,31,26554,55,Pass QC
SAMN13975678,2883327,434,6643.61,90994,200,0,0,26795,30,13772,59,3632,134,May be good for QC
SAMEA7584606,5159004,135,38214.84,702707,202,0,0,236706,7,186140,11,60115,22,Pass QC
SAMN29228781,5035713,497,10132.22,484718,217,0,0,243537,8,120050,14,23062,32,May be good for QC
SAMN18146281,10487220,426,24617.89,317219,202,0,0,64026,40,39183,82,19129,157,Fail QC
SAMN41328219,2166590,51,42482.16,191062,755,0,0,100535,8,54896,14,24931,26,Pass QC
SAMD00497839,5714069,254,22496.33,436539,203,0,0,130221,13,84100,24,28355,44,May be good for QC
SAMN06579026,8597567,403,21333.91,868738,201,0,0,155380,16,92975,30,25938,61,May be good for QC
SAMEA1710795,4324540,109,39674.68,374385,205,0,0,124066,10,77678,18,35867,35,Pass QC
SAMD00389883,7271829,65,111874.29,1593328,208,0,0,540584,5,354991,8,187078,13,May be good for QC
SAMN34993392,5763069,461,12501.23,442366,201,0,0,130163,13,65972,26,14446,59,May be good for QC
SAMN03473619,5078915,121,41974.5,657196,234,0,0,388701,5,165012,9,81537,18,Pass QC
SAMEA3538812,5864421,364,16111.05,302839,200,0,0,95731,18,57126,34,12139,73,May be good for QC
SAMN18642474,1718822,103,16687.59,178955,214,0,0,73583,8,41110,15,15278,27,Pass QC
SAMN09866981,799142,27,29597.85,155108,408,0,0,95489,4,45154,6,14650,11,Fail QC
SAMN41328441,2231971,24,92998.79,799769,205,0,0,592715,2,276559,3,82847,6,Pass QC
SAMN41760248,1973213,55,35876.6,274789,211,0,0,109411,6,69045,11,37960,18,Pass QC
SAMEA8893749,5165071,2430,2125.54,60289,200,0,0,8986,150,4229,315,898,809,Fail QC
SAMEA1530849,7921792,807,9816.35,294673,200,0,0,34966,41,11466,127,3882,371,Fail QC
SAMEA5875874,3131530,207,15128.16,748349,202,0,0,294589,4,131457,7,66834,14,May be good for QC
SAMEA3572938,4992862,108,46230.2,606236,231,0,0,196491,8,112994,14,61545,26,Pass QC
SAMEA4027621,2051634,41,50039.85,260586,249,0,0,126332,6,68409,11,37782,18,Pass QC
SAMN33416016,4581920,121,37867.11,361996,200,0,0,172940,10,95742,17,35636,32,Pass QC
SAMN38372550,4201916,110,38199.24,407951,203,0,0,199205,8,109827,14,52613,24,Pass QC
SAMEA113994397,2106264,161,13082.39,175800,210,0,0,46689,13,34178,23,11507,43,Pass QC
SAMN35675777,4737896,42,112807.05,1508368,210,0,0,490411,3,310740,5,124985,10,Pass QC
SAMN12036209,4901099,85,57659.99,895715,201,0,0,234391,6,184324,10,79805,18,Pass QC
SAMN03766444,2964952,28,105891.14,545639,205,0,0,438206,4,267689,5,99412,9,Pass QC
SAMN12999228,1601356,85,18839.48,121334,271,0,0,35661,13,28081,23,11205,41,Pass QC
SAMEA2150673,4825507,67,72022.49,488864,266,0,0,149378,11,106773,18,54388,30,Pass QC
SAMN21461603,4205960,79,53240.0,1202674,239,0,0,355771,3,149234,7,81291,14,Pass QC
SAMN41642784,4329859,231,18743.98,216878,203,0,0,78355,18,51864,31,20163,57,May be good for QC
SAMN07982347,4747163,38,124925.34,1549493,200,100,1,417406,3,297443,6,97094,11,May be good for QC
SAMN15203439,4711593,65,72486.05,498866,206,0,0,349617,6,231968,9,141808,14,Pass QC
SAMEA4841155,6241668,62,100672.06,1114268,201,0,0,475895,5,288965,8,106393,14,Pass QC
SAMEA112799307,4356408,118,36918.71,254888,201,0,0,95892,15,62136,27,34732,44,Pass QC
SAMEA104362410,4348031,151,28794.91,253479,220,0,0,82761,14,58856,26,29051,47,Pass QC
SAMEA3558820,4368004,130,33600.03,281463,200,0,0,103751,16,70095,25,37259,40,Pass QC
SAMN08555605,1845528,29,63638.9,281800,205,0,0,222051,4,98734,7,60504,11,Pass QC
SAMEA5075917,5035782,275,18311.93,224781,200,0,0,73946,22,43611,40,19997,73,May be good for QC
SAMN11258024,4630889,78,59370.37,1248183,201,0,0,396824,3,195164,7,76053,14,Pass QC
SAMN34161842,4918566,76,64717.97,577070,223,0,0,257520,7,189728,12,77431,20,Pass QC
SAMN03922755,2908990,24,121207.92,1265135,208,300,3,294192,2,253394,4,142339,7,Fail QC
SAMEA113582582,2917845,366,7972.25,84969,201,0,0,18235,43,12875,81,5606,147,May be good for QC
SAMN04459445,4194743,180,23304.13,154227,200,0,0,57123,24,35909,42,13852,79,Pass QC
SAMN41643395,5096572,102,49966.39,378133,200,0,0,150124,9,109638,17,54328,30,Pass QC
SAMN17783511,1710614,35,48874.69,484901,245,0,0,184020,3,103702,6,65474,10,Pass QC
SAMN38882125,4681689,79,59261.89,648746,231,0,0,313889,6,260085,9,73745,15,Pass QC
SAMN12359629,5153203,159,32410.08,481456,209,0,0,159918,9,96095,17,38763,33,Pass QC
SAMEA3714258,2046108,94,21767.11,192921,204,0,0,60276,11,43600,18,18169,31,Pass QC
SAMN41660005,4668430,492,9488.68,88228,201,0,0,23385,60,14453,110,5572,207,May be good for QC
SAMEA6450752,5332001,165,32315.16,512817,206,0,0,150483,11,98356,19,43788,36,Pass QC
SAMN24806558,4938973,150,32926.49,246990,209,0,0,90137,17,58421,31,29241,54,Pass QC
SAMN11586147,4873593,53,91954.58,1022738,220,0,0,694160,3,298794,6,97930,11,Pass QC
SAMEA2298461,2130521,138,15438.56,127488,210,0,0,41043,17,30304,29,10645,51,Pass QC
SAMN06693649,4678396,144,32488.86,268122,201,100,1,67971,21,50445,37,21748,64,May be good for QC
SAMN42378163,5055752,227,22272.04,501877,202,0,0,144370,10,75222,20,36169,39,May be good for QC
SAMN18758706,5109923,199,25678.01,396643,221,0,0,98785,16,49955,31,24523,60,Pass QC
SAMN12287272,5058785,175,28907.34,372531,213,0,0,209917,9,120482,16,54401,28,Pass QC
SAMN18085558,5223979,155,33703.09,593742,202,0,0,145198,11,99111,20,30013,37,Pass QC
SAMEA4035178,1986599,50,39731.98,330573,210,0,0,87283,6,64925,11,33090,18,Pass QC
SAMN21217607,5072830,289,17553.04,220394,202,0,0,47279,31,32305,57,14189,101,May be good for QC
SAMEA6952785,4118965,111,37107.79,668260,210,0,0,218095,6,131199,11,72023,19,Pass QC
SAMN21238874,4985187,143,34861.45,641211,202,0,0,214334,7,119987,12,49236,25,Pass QC
SAMN11290922,4775013,51,93627.71,449555,201,0,0,311923,7,187713,11,124867,17,Pass QC
SAMN17576450,2843033,52,54673.71,326644,221,0,0,153960,7,138406,10,54299,18,Pass QC
SAMN15641368,1751903,89,19684.3,188501,204,0,0,98724,7,56594,12,22924,21,Pass QC
SAMEA112825094,5019111,57,88054.58,835236,202,0,0,388136,5,189192,8,130737,14,Pass QC
SAMN06231102,2911287,78,37324.19,673613,201,0,0,149811,5,104507,10,32297,20,Pass QC
SAMN20572205,3015292,223,13521.49,152395,204,0,0,50728,17,27722,32,10307,66,May be good for QC
SAMEA8227276,4707486,45,104610.8,1550214,207,0,0,491387,3,400813,5,153313,9,Pass QC
SAMN09266829,6123916,342,17906.19,605928,200,0,0,231352,9,127169,16,27051,33,May be good for QC
SAMN36695379,4854784,648,7491.95,93154,213,0,0,23497,59,14118,112,4743,224,Fail QC
SAMN31405187,5004382,188,26619.05,341815,206,0,0,78392,16,57116,31,24956,56,Pass QC
SAMN10104842,4693757,56,83817.09,650498,256,0,0,225403,7,174733,12,77046,20,Pass QC
SAMN31276124,4972546,112,44397.73,350426,201,0,0,161008,11,92403,19,40395,34,Pass QC
SAMN32800818,2925193,78,37502.47,554852,200,0,0,209725,5,108235,8,53898,16,Pass QC
SAMN36840980,4608216,70,65831.66,544134,231,0,0,248223,7,156108,11,88227,19,Pass QC
SAMN07409739,4713749,32,147304.66,1549600,236,0,0,490284,3,401090,5,153193,9,Pass QC
SAMN11848012,56413,16,3525.81,12191,381,0,0,7058,4,4992,6,2787,8,Fail QC
SAMN09788006,4714886,55,85725.2,1241183,211,0,0,520651,3,396833,5,149708,10,Pass QC
SAMN28195820,1776904,29,61272.55,629929,218,0,0,163050,3,112709,5,51390,10,Pass QC
SAMN06115597,2967687,17,174569.82,788491,270,200,2,476840,3,266018,5,169155,7,Fail QC
SAMN15203232,4876499,86,56703.48,461721,220,0,0,179930,9,96221,17,50743,29,Pass QC
SAMEA111522278,5360420,276,19421.81,363653,201,0,0,105733,17,58334,30,24219,58,May be good for QC
SAMD00077616,5024506,184,27307.1,333837,202,0,0,128469,14,65655,25,31545,46,Pass QC
SAMN08386834,4884885,224,21807.52,164143,202,0,0,49531,30,31572,54,15916,95,May be good for QC
SAMN30543742,4368580,123,35516.91,295470,213,0,0,124354,13,98860,21,38540,34,Pass QC
SAMN27519287,4996310,59,84683.22,464943,200,0,0,258467,8,141894,14,77355,23,Pass QC
SAMN29756948,2130321,140,15216.58,197302,200,0,0,77586,10,43895,17,15924,32,Pass QC
SAMN14406269,4735351,54,87691.69,765968,200,0,0,310531,5,229271,9,93788,15,Pass QC
SAMEA4763438,2135447,65,32853.03,223454,204,0,0,96792,7,64850,13,42863,20,Pass QC
SAMN10724947,1894890,35,54139.71,332484,337,0,0,180835,4,116269,7,31567,11,Pass QC
SAMN04091168,4819264,54,89245.63,702157,237,0,0,406761,5,233301,8,151064,12,Pass QC
SAMEA113604056,4942788,105,47074.17,829417,209,0,0,248343,7,159440,12,40094,22,Pass QC
SAMN05831061,2877089,216,13319.86,133673,200,0,0,49346,20,29429,35,10747,64,May be good for QC
SAMN10424483,4771130,36,132531.39,2019329,219,0,0,417544,2,252475,5,84212,12,Pass QC
SAMEA1904359,4723646,69,68458.64,466341,243,0,0,151202,11,105344,18,48285,31,Pass QC
SAMN09435681,4704127,61,77116.84,869223,202,0,0,203983,6,159963,11,110302,17,Pass QC
SAMN31426456,4062911,62,65530.82,923922,204,0,0,427878,4,159736,7,94980,13,Pass QC
SAMN16357566,4985153,84,59347.06,971318,201,0,0,423043,4,320957,7,95618,13,Pass QC
SAMEA113910423,2880952,30,96031.73,797115,200,0,0,437765,3,433211,4,148336,6,Pass QC
SAMN16233532,4799322,147,32648.45,618919,205,0,0,234516,7,107430,15,41312,28,Pass QC
SAMN12125822,6288323,131,48002.47,830937,208,0,0,346178,6,225534,11,87457,18,Pass QC
SAMEA9454106,5785474,84,68874.69,1232785,203,0,0,688643,4,350383,6,83134,14,Pass QC
SAMEA3359022,7959438,121,65780.48,418705,200,100,1,186653,14,126270,24,61655,39,May be good for QC
SAMN02228468,5099497,140,36424.98,319186,210,0,0,159695,12,104537,20,32596,37,Pass QC
SAMN06032941,2134908,24,88954.5,599312,250,0,0,593290,2,91517,5,63757,10,Pass QC
SAMEA2628853,2113784,151,13998.57,214523,202,200,2,59007,11,36073,20,15023,37,Fail QC
SAMN29506808,5362572,456,11760.03,258571,201,0,0,112171,18,66004,29,12772,57,May be good for QC
SAMN15567920,2775912,53,52375.7,661584,243,0,0,223296,4,124881,8,75353,13,Pass QC
SAMN24019554,5203977,168,30976.05,385844,203,0,0,126306,13,86079,23,33207,41,Pass QC
SAMN07679063,5323223,207,25716.05,505022,201,0,0,129721,13,66706,24,25301,48,May be good for QC
SAMN36306361,4703394,47,100072.21,1508428,204,0,0,410579,3,227950,6,93205,12,Pass QC
SAMN17730256,4784611,94,50900.12,703029,200,0,0,302344,6,214490,10,79674,18,Pass QC
SAMN11399331,5509664,128,43044.25,504067,214,0,0,294930,8,133028,13,36487,29,Pass QC
SAMN27524761,5048638,107,47183.53,640162,200,0,0,282910,6,237526,10,69063,18,Pass QC
SAMEA5368626,2916308,254,11481.53,107746,200,0,0,41414,23,23071,41,8579,79,May be good for QC
SAMN36721208,3905450,100,39054.5,293137,202,0,0,152511,10,95239,16,40338,31,Pass QC
SAMEA6588754,5171569,188,27508.35,276905,201,0,0,160885,13,88727,22,27691,42,Pass QC
SAMN07155901,4660590,60,77676.5,1410805,200,0,0,232998,4,176636,9,89624,17,Pass QC
SAMEA5608693,2153696,146,14751.34,129954,203,0,0,47359,13,30304,24,13011,44,Pass QC
SAMN38372909,2809803,59,47623.78,902059,202,0,0,562278,2,560224,3,85673,7,Pass QC
SAMN32819130,4289893,92,46629.27,326563,255,0,0,133952,11,73273,20,37378,36,Pass QC
SAMEA104034723,2053740,45,45638.67,383263,205,100,1,305622,3,85374,6,53591,13,May be good for QC
SAMN08562865,1819332,23,79101.39,504093,205,0,0,243413,3,115749,5,51000,9,Pass QC
SAMN41679782,5149328,120,42911.07,914800,206,0,0,380818,5,176562,10,71282,18,Pass QC
SAMN10040551,4343782,448,9695.94,90945,200,0,0,28365,46,17635,86,6779,166,May be good for QC
SAMN16283221,2778133,30,92604.43,623912,204,0,0,216168,5,143496,8,89016,12,Pass QC
SAMEA72521668,1600008,167,9580.89,42969,509,100,1,17076,32,10566,56,4562,100,May be good for QC
SAMEA47269918,3149493,57,55254.26,385242,219,0,0,162522,7,91857,12,45920,21,Pass QC
SAMN31393482,4617500,46,100380.43,943608,227,0,0,496827,4,396023,6,123856,10,Pass QC
SAMEA115796554,2034047,50,40680.94,222520,237,0,0,100063,7,58243,13,32488,22,Pass QC
SAMN12657652,5308495,322,16486.01,532202,202,0,0,148397,11,89525,20,26891,41,May be good for QC
SAMN04487888,4375854,37,118266.32,578928,205,0,0,366647,5,215438,8,123327,13,Pass QC
SAMEA7160378,1950444,33,59104.36,351949,255,0,0,227789,4,167175,6,156368,8,Pass QC
SAMN32318360,1694621,54,31381.87,250785,255,0,0,87177,6,62913,10,26725,19,Pass QC
SAMN04491431,3025560,225,13446.93,163663,201,100,1,55897,17,23795,34,9329,71,May be good for QC
SAMEA7302683,5805869,175,33176.39,679043,200,0,0,275363,6,144922,12,66926,24,Pass QC
SAMEA7552865,4347516,248,17530.31,142241,200,0,0,45374,31,30267,54,14037,96,May be good for QC
SAMN17835666,4561742,39,116967.74,1920722,200,0,0,678900,2,297351,4,132984,9,Pass QC
SAMEA5376591,4788514,219,21865.36,228529,203,0,0,66120,23,40689,41,15014,80,May be good for QC
SAMN15967238,4733375,43,110078.49,1508626,201,0,0,464477,3,228184,6,124021,12,Pass QC
SAMN12730717,5201465,317,16408.41,193586,207,0,0,58508,25,39496,47,13763,91,May be good for QC
SAMN41750844,2059446,54,38137.89,261536,205,0,0,133253,6,94859,10,29385,17,Pass QC
SAMEA110371298,5680853,126,45086.13,439026,203,0,0,214171,9,135151,15,73458,25,Pass QC
SAMEA7707250,5184726,127,40824.61,441824,201,0,0,181611,9,122111,16,40364,29,Pass QC
SAMN02404219,2793638,87,32110.78,177807,204,0,0,99651,10,68284,18,30865,29,Pass QC
SAMN41664222,4368392,121,36102.41,228062,201,0,0,97073,16,72201,26,29555,43,Pass QC
SAMN02569966,2872578,18,159587.67,725819,227,0,0,476877,3,300700,4,227223,7,Pass QC
SAMN17937432,4787398,58,82541.34,693638,201,0,0,414328,5,286002,8,146435,12,Pass QC
SAMN34294303,4352720,204,21336.86,161075,205,0,0,51918,31,32682,53,15641,90,May be good for QC
SAMN17308523,4859209,72,67489.01,489092,212,0,0,204379,9,148963,15,54576,26,Pass QC
SAMN40219414,4846092,98,49449.92,433509,201,0,0,169907,9,114823,17,79971,27,Pass QC
SAMEA949348,6984543,202,34576.95,307621,202,0,0,82306,27,55114,48,24641,82,May be good for QC
SAMD00412540,5177825,89,58177.81,578945,202,0,0,340446,7,197605,11,75718,19,Pass QC
SAMN29998422,7112159,137,51913.57,429123,244,0,0,158868,14,115188,24,66591,40,May be good for QC
SAMEA11350928,5574732,81,68823.85,732861,208,0,0,274032,6,165226,12,89250,22,Pass QC
SAMD00145095,4009052,162,24747.23,229180,201,0,0,55874,21,39753,37,17441,67,Pass QC
SAMEA3268818,4874914,369,13211.15,256853,200,0,0,73793,19,45729,35,14296,71,May be good for QC
SAMN37480146,4370523,143,30563.1,193245,202,0,0,99300,15,64265,26,29244,45,Pass QC
SAMN09844279,4149209,63,65860.46,847316,200,100,1,289291,4,146688,9,95338,16,May be good for QC
SAMEA7391808,7015532,125,56124.26,1118230,206,0,0,453390,6,291543,10,124581,16,May be good for QC
SAMN14518400,4294064,136,31574.0,227694,242,0,0,73823,17,48835,32,21105,54,Pass QC
SAMEA10030403,4362480,136,32077.06,204755,213,0,0,98852,16,58938,28,24642,48,Pass QC
SAMEA2591556,6973204,404,17260.41,211857,201,100,1,41622,50,24363,94,10569,176,May be good for QC
SAMN17834437,5089284,51,99789.88,1061202,220,0,0,494424,4,405985,6,78429,12,Pass QC
SAMN09684050,4672929,63,74173.48,496375,211,0,0,226851,7,150689,12,77143,21,Pass QC
SAMN41338216,7315584,174,42043.59,497603,206,0,0,199205,12,130716,21,49277,40,May be good for QC
SAMD00644675,1801481,37,48688.68,294912,218,0,0,229810,4,207511,5,50719,10,Pass QC
SAMEA5608417,2192909,133,16488.04,207971,204,0,0,62319,10,40527,20,16232,36,Pass QC
SAMEA4841832,6242240,64,97535.0,1114500,201,0,0,298044,6,217397,11,135786,18,Pass QC
SAMN18129429,4819616,64,75306.5,760431,218,0,0,274073,6,167161,11,90203,18,Pass QC
SAMN39197723,4616516,69,66906.03,1970810,205,0,0,707582,2,696254,3,182195,6,Pass QC
SAMN41389910,67075,22,3048.86,9630,209,0,0,5629,5,3634,8,2152,12,Fail QC
SAMN04545278,1704359,24,71014.96,439532,245,100,1,184747,3,154295,5,95408,8,May be good for QC
SAMN14279007,5345642,77,69423.92,802546,220,0,0,613743,4,396019,6,103230,12,Pass QC
SAMN08647514,2081209,101,20606.03,117534,200,100,1,53341,13,35072,23,16242,40,May be good for QC
SAMN15867734,2912718,83,35092.99,217278,204,0,0,100919,10,76407,17,34815,28,Pass QC
SAMN03169480,4935276,137,36023.91,442997,203,0,0,129833,12,86213,22,40319,38,Pass QC
SAMN35877335,3898885,63,61887.06,373031,201,0,0,176731,7,129555,12,82496,20,Pass QC
SAMN22934793,5048312,188,26852.72,397233,204,0,0,145960,11,77410,21,22721,41,Pass QC
SAMN14390479,4939645,70,70566.36,598976,223,0,0,324593,6,190737,10,90442,18,Pass QC
SAMN15666361,2818815,39,72277.31,1134606,218,0,0,314897,2,285708,4,127829,8,Pass QC
SAMN02865204,2710432,63,43022.73,319783,247,0,0,117304,7,69945,13,33662,25,Pass QC
SAMN30627077,3882911,154,25213.71,152817,211,0,0,67910,20,41240,35,20485,62,Pass QC
SAMEA5584477,4460681,34,131196.5,1964116,203,0,0,703579,2,423161,4,196897,7,Pass QC
SAMN42764571,4820544,63,76516.57,1990347,201,0,0,685185,2,386664,4,137048,8,Pass QC
SAMN20397690,2089779,70,29853.99,248301,203,0,0,129141,6,69091,12,28732,19,Pass QC
SAMN31514274,1813580,104,17438.27,305784,201,0,0,128427,5,105031,8,21568,16,Pass QC
SAMN36679607,3986378,110,36239.8,327476,212,0,0,147200,10,103671,16,40213,30,Pass QC
SAMEA104188985,2094582,169,12393.98,110826,200,0,0,47113,16,27658,28,9596,51,Pass QC
SAMEA8994194,4361707,182,23965.42,204824,204,0,0,77304,19,42383,35,17484,65,Pass QC
SAMN16490217,5051869,99,51028.98,681970,216,0,0,318133,6,222524,9,71517,17,Pass QC
SAMN16949558,5180566,251,20639.71,289805,202,0,0,73695,24,47601,42,15316,79,May be good for QC
SAMN12492470,1646230,50,32924.6,175410,227,0,0,78556,7,49949,13,24836,22,Pass QC
SAMEA115368900,5295578,327,16194.43,375126,202,0,0,147454,12,87446,21,28570,40,May be good for QC
SAMEA110024140,4357284,146,29844.41,226625,207,0,0,78270,17,50395,31,26720,54,Pass QC
SAMN27279593,1741728,60,29028.8,190919,212,0,0,121424,6,99205,9,49439,13,Pass QC
SAMN30349590,4560802,33,138206.12,1940543,212,0,0,727311,2,683392,3,384002,5,Pass QC
SAMEA4930977,2100169,65,32310.29,288059,201,0,0,146873,5,101247,8,58522,14,Pass QC
SAMEA2827063,2742288,59,46479.46,342272,200,0,0,107317,8,64395,15,35628,26,Pass QC
SAMN05880534,6773352,81,83621.63,806507,208,200,2,493562,6,358200,9,137297,15,Fail QC
SAMN33684785,5235173,215,24349.64,507254,200,0,0,165482,11,91370,21,30062,38,May be good for QC
SAMN20600829,5488161,508,10803.47,256902,200,0,0,97392,20,53577,35,12525,72,Fail QC
SAMN08044046,5463270,319,17126.24,614512,200,100,1,148372,10,91258,19,29007,38,May be good for QC
SAMN14154476,2720255,166,16387.08,199233,200,0,0,47753,18,35555,31,10579,57,Pass QC
SAMN19056700,2713045,96,28260.89,327874,201,0,0,114966,8,73638,13,32922,24,Pass QC
SAMN13747528,4853494,81,59919.68,466464,211,0,0,173252,11,144787,17,56255,28,Pass QC
SAMN03733838,5153295,71,72581.62,530998,203,0,0,266147,7,165343,12,85019,20,Pass QC
SAMEA5697484,4949064,106,46689.28,534281,205,0,0,175526,8,90485,16,45019,30,Pass QC
SAMN09104476,2103694,117,17980.29,129254,204,0,0,49800,14,35426,24,14983,40,Pass QC
SAMEA8263376,5438346,241,22565.75,404583,202,0,0,149895,13,106419,21,39803,37,May be good for QC
SAMEA4552062,5334002,219,24356.17,363283,201,0,0,147133,11,104959,20,24249,39,May be good for QC
SAMEA5743519,6254344,117,53455.93,538302,213,0,0,163763,12,99727,22,58558,38,Pass QC
SAMN35126864,5178466,179,28929.98,635286,201,0,0,213258,8,132558,15,42525,28,Pass QC
SAMN37397490,4752855,101,47057.97,479207,201,0,0,289451,6,129793,12,65881,22,Pass QC
SAMEA7541576,4352924,145,30020.17,251422,205,0,0,90422,15,57325,28,23500,50,Pass QC
SAMN37297779,2161561,146,14805.21,140364,200,0,0,67358,12,41114,20,13983,40,Pass QC
SAMN41340473,2289958,20,114497.9,1112975,200,0,0,586605,2,586605,2,89801,5,Pass QC
SAMD00499820,5178036,158,32772.38,466127,206,0,0,187307,9,102456,16,41716,32,Pass QC
SAMN35714674,1829191,96,19054.07,384802,201,0,0,162234,4,109902,7,28296,13,Pass QC
SAMEA5732084,4644190,122,38067.13,417763,204,0,0,180935,9,140773,14,40284,28,Pass QC
SAMN03466265,4909885,90,54554.28,476572,201,0,0,148171,10,110053,18,50640,31,Pass QC
SAMN08795200,4335450,176,24633.24,156509,233,200,2,56225,28,39491,45,16015,78,Fail QC
SAMN23242880,5475976,46,119042.96,880506,223,0,0,347970,5,251438,9,84978,17,Pass QC
SAMEA2073666,2083973,145,14372.23,161835,200,0,0,41554,17,28474,29,9568,52,Pass QC
SAMN22334445,2476363,20,123818.15,500890,208,0,0,280171,4,208701,6,161044,8,Pass QC
SAMD00018522,2323990,171,13590.58,201132,202,0,0,34074,18,19501,37,9385,71,Pass QC
SAMN28103298,4755650,52,91454.81,794800,201,0,0,380096,5,333923,7,92461,14,Pass QC
SAMN32678581,4983703,55,90612.78,945019,220,0,0,478724,4,299894,7,89136,12,Pass QC
SAMN11846822,5672436,533,10642.47,215266,212,0,0,53858,34,31403,61,4909,160,Fail QC
SAMN41413494,5435363,419,12972.23,374913,200,0,0,111257,14,58431,26,16546,54,May be good for QC
SAMN39081402,1739538,26,66905.31,584422,208,0,0,332487,2,156237,4,84716,8,Pass QC
SAMN07212735,5317297,37,143710.73,1217571,204,100,1,593581,3,395627,6,137335,10,May be good for QC
SAMD00018519,2323577,172,13509.17,109079,200,0,0,41828,20,20805,36,9653,67,Pass QC
SAMN14488124,4883293,128,38150.73,582333,202,0,0,193684,8,102701,15,48373,28,Pass QC
SAMN29504617,4562512,38,120066.11,1237227,226,0,0,700839,3,683392,4,383909,6,Pass QC
SAMN16497765,2198027,150,14653.51,154234,205,0,0,60144,13,39366,23,14507,41,Pass QC
SAMEA110378758,2926401,20,146320.05,1502122,203,0,0,1502122,1,377077,3,208467,5,Pass QC
SAMEA3489179,1707832,32,53369.75,316946,201,0,0,180043,4,126541,6,92602,9,Pass QC
SAMN05336752,2759973,26,106152.81,1008108,231,0,0,608001,2,243129,4,177079,6,Pass QC
SAMEA1569582,2851606,55,51847.38,490771,218,0,0,264514,4,159189,7,38033,15,Pass QC
SAMN36316927,2851893,28,101853.32,748795,253,0,0,371383,3,271175,5,108377,8,Pass QC
SAMEA6625448,7083920,188,37680.43,394039,200,0,0,145535,16,109270,27,56106,46,May be good for QC
SAMEA4533706,5104830,99,51563.94,682767,215,300,3,360177,5,171799,10,67227,19,Fail QC
SAMEA5671248,4985597,94,53038.27,549862,210,0,0,205083,7,138891,13,74800,23,Pass QC
SAMEA104081686,2188692,120,18239.1,207327,201,0,0,59048,12,41075,21,16828,39,Pass QC
SAMN41765020,2106502,67,31440.33,247925,235,0,0,89408,8,54892,14,34832,24,Pass QC
SAMN38199096,6299855,72,87497.99,915917,205,0,0,454073,5,408727,8,155376,13,Pass QC
SAMN00103468,4325275,176,24575.43,405689,201,0,0,135116,10,75458,19,35652,35,Pass QC
SAMEA4361523,6081657,126,48267.12,530711,202,0,0,183290,11,100732,20,47281,36,Pass QC
SAMN13150894,4951978,93,53247.08,1801129,202,0,0,424385,3,316984,5,84283,13,Pass QC
SAMEA112846513,2100757,157,13380.62,207951,200,0,0,49271,13,34950,24,11875,43,Pass QC
SAMN20967004,5744214,320,17950.67,307143,200,0,0,161575,13,84092,23,18709,51,May be good for QC
SAMEA4695249,4360565,128,34066.91,222941,248,0,0,106196,13,64190,24,28146,43,Pass QC
SAMN04459935,3957538,115,34413.37,257459,201,0,0,99190,14,55697,25,22114,45,Pass QC
SAMEA114528027,4888095,113,43257.48,725145,207,0,0,268559,6,173088,11,78861,19,Pass QC
SAMN34417361,4981439,83,60017.34,400384,211,0,0,193022,9,127897,15,62834,27,Pass QC
SAMEA114441344,2182038,152,14355.51,185138,201,0,0,64146,10,44731,19,11450,37,Pass QC
SAMN17914249,1743749,33,52840.88,410228,244,0,0,166776,4,98880,6,39543,13,Pass QC
SAMN03285095,4920092,81,60741.88,717568,203,0,0,377447,5,188809,9,59219,17,Pass QC
SAMN20090367,5760406,191,30159.19,328797,201,0,0,129477,14,96314,25,34960,43,Pass QC
SAMN12335357,4713224,61,77265.97,897616,201,0,0,556958,4,438935,6,149655,9,Pass QC
SAMN31098689,4972554,188,26449.76,345279,217,0,0,145168,13,63192,24,27872,46,Pass QC
SAMN12127193,4523684,76,59522.16,697239,200,0,0,214094,7,143986,11,59409,20,Pass QC
SAMEA115626369,5201973,125,41615.78,395784,201,0,0,191131,10,126898,16,33227,29,Pass QC
SAMEA111523811,5438005,156,34859.01,587133,201,0,0,230746,8,189254,13,48239,26,Pass QC
SAMN11457304,5474365,373,14676.58,237197,201,0,0,102881,16,59551,30,19488,57,May be good for QC
SAMN20400641,4791073,54,88723.57,1173646,213,0,0,535939,3,430489,5,151165,9,Pass QC
SAMN10449203,5530824,448,12345.59,313069,205,0,0,135712,13,59347,24,21334,54,May be good for QC
SAMN03862027,5395192,316,17073.39,392417,200,100,1,147583,11,97467,20,26324,41,May be good for QC
SAMN25995825,2676213,139,19253.33,316459,211,0,0,78066,11,40586,22,15360,42,Pass QC
SAMN22259702,2744423,191,14368.71,227821,200,0,0,97142,9,68854,16,25535,27,Pass QC
SAMEA3216057,2771942,36,76998.39,506233,220,0,0,347087,4,171554,6,61117,11,Pass QC
SAMN07454400,5294544,289,18320.22,455727,200,0,0,184158,10,79760,20,29561,42,May be good for QC
SAMN16615321,5710465,171,33394.53,450322,203,0,0,150663,13,97472,22,33754,41,Pass QC
SAMN38144797,4610645,62,74365.24,1154677,206,0,0,657595,3,385486,5,147563,8,Pass QC
SAMN17570604,6254834,88,71077.66,687603,252,0,0,345090,7,210127,12,78177,21,Pass QC
SAMN06033912,4775733,91,52480.58,452249,201,300,3,117003,12,72137,23,37921,40,Fail QC
SAMEA6265059,4713745,69,68315.14,466577,205,0,0,173486,9,143385,15,54683,27,Pass QC
SAMN12659220,1616156,27,59857.63,285505,232,0,0,191658,4,150152,6,105626,8,Pass QC
SAMN25989243,5846121,243,24058.11,373971,201,0,0,145085,11,99476,21,33349,38,May be good for QC
SAMN16113663,4745811,77,61633.91,629350,201,0,0,201671,7,148163,13,70763,22,Pass QC
SAMN07817029,3075574,251,12253.28,181022,201,0,0,48177,19,22682,38,7251,79,May be good for QC
SAMN21880277,4272276,126,33906.95,227645,224,0,0,80036,18,47896,32,25314,56,Pass QC
SAMEA11322480,2763986,117,23623.81,194537,204,0,0,59782,15,35391,27,13375,50,Pass QC
SAMN05379546,4793966,96,49937.15,350005,212,100,1,113461,14,71057,25,36166,43,May be good for QC
SAMN41776049,5033567,89,56556.93,748890,220,0,0,280025,6,135228,11,65082,22,Pass QC
SAMN12501632,6284744,95,66155.2,484446,204,0,0,136724,12,88168,23,42673,43,Pass QC
SAMN18875230,5207404,202,25779.23,429188,200,0,0,200496,9,125201,15,38615,31,May be good for QC
SAMN41516028,4880807,128,38131.3,524426,203,0,0,175988,9,118977,16,43635,28,Pass QC
SAMN08922671,4762294,76,62661.76,394844,236,0,0,193830,9,125680,16,62916,27,Pass QC
SAMN31579323,2819148,93,30313.42,212772,229,0,0,77458,12,48621,21,21120,37,Pass QC
SAMEA111362733,2656231,38,69900.82,834856,207,0,0,345012,3,251252,4,90258,9,Pass QC
SAMN10622135,4925022,143,34440.71,295353,218,0,0,129867,15,60797,25,31552,47,Pass QC
SAMEA6516572,2727158,37,73706.97,596759,222,0,0,382544,3,329980,5,106262,8,Pass QC
SAMEA6500201,2006547,54,37158.28,289440,207,0,0,120706,6,81871,10,41934,16,Pass QC
SAMN03276104,5087734,125,40701.87,292278,220,0,0,127494,13,80135,23,31684,43,Pass QC
SAMN31098743,4593834,75,61251.12,436869,220,0,0,209069,8,135244,13,76377,22,Pass QC
SAMEA1877805,5689691,113,50351.25,639334,201,0,0,228830,9,108736,18,42299,32,Pass QC
SAMN02919045,4768442,62,76910.35,869563,225,0,0,322596,4,199490,8,139314,14,Pass QC
SAMN10723574,4832242,225,21476.63,288842,200,0,0,66543,20,44012,38,17653,69,May be good for QC
SAMEA5751849,5188296,53,97892.38,1376290,207,0,0,445767,4,367269,6,133332,10,Pass QC
SAMN11258004,4823409,57,84621.21,1284487,222,0,0,729063,3,429268,5,154369,8,Pass QC
SAMN07660014,4354590,194,22446.34,162711,204,100,1,47643,29,34088,51,15523,86,May be good for QC
SAMEA112805478,4367768,107,40820.26,372308,202,0,0,125394,11,103283,19,43813,31,Pass QC
SAMD00009272,2080639,52,40012.29,284761,219,0,0,84836,8,66955,14,45578,21,Pass QC
SAMN18129137,4810237,73,65893.66,623378,200,0,0,274037,6,148148,12,69651,21,Pass QC
SAMEA1688547,4322343,118,36630.03,281328,200,0,0,101744,15,81240,24,36555,39,Pass QC
SAMN32513367,5240157,118,44408.11,772967,208,0,0,256003,6,134308,12,55206,23,Pass QC
SAMEA4590026,3948542,361,10937.79,77938,200,0,0,27378,47,17794,83,7740,148,May be good for QC
SAMN20167793,5182913,97,53432.09,683940,202,0,0,395192,5,168157,9,83040,17,Pass QC
SAMEA111269473,5128748,113,45387.15,525706,205,0,0,302510,7,152602,11,75237,21,Pass QC
SAMEA5672966,2820308,87,32417.33,281114,201,0,0,95353,10,54916,18,26281,32,Pass QC
SAMEA1317188,2767327,49,56476.06,409403,203,0,0,187604,5,129466,9,43940,18,Pass QC
SAMN27589669,4794133,81,59186.83,353348,202,0,0,154197,12,115790,19,45720,31,Pass QC
SAMN39441321,1802456,31,58143.74,451709,219,0,0,119269,4,97596,7,53587,12,Pass QC
SAMEA8892696,4423976,536,8253.69,84617,202,0,0,22250,58,12262,112,4832,219,Fail QC
SAMN17472541,4306519,149,28902.81,212231,207,0,0,69271,18,48381,33,17661,60,Pass QC
SAMN37529099,4542217,45,100938.16,544360,222,0,0,281117,6,174648,10,94945,16,Pass QC
SAMEA112954349,4299798,111,38736.92,256805,255,0,0,134063,12,64298,22,37870,38,Pass QC
SAMN12631221,5105514,82,62262.37,492543,200,0,0,163236,9,120496,16,57448,27,Pass QC
SAMN41596235,4911289,99,49608.98,393923,202,0,0,151328,10,103261,17,44951,30,Pass QC
SAMN37573376,4042352,106,38135.4,632633,209,0,0,250094,5,168788,8,92076,14,Pass QC
SAMN09388956,4731614,78,60661.72,444053,203,0,0,182280,8,122081,14,58834,23,Pass QC
SAMN05339792,2777546,30,92584.87,696443,218,0,0,509963,3,157758,4,79034,9,Pass QC
SAMN07678807,5083867,262,19404.07,212779,201,0,0,66832,23,36250,45,17308,83,May be good for QC
SAMN19033009,5587097,390,14325.89,318404,205,0,0,112866,16,72811,28,15503,60,May be good for QC
SAMN19669618,4712165,58,81244.22,1411688,201,0,0,497622,3,335916,5,180352,9,Pass QC
SAMEA6514580,4992301,84,59432.15,682009,223,0,0,225779,6,172370,11,74800,20,Pass QC
SAMEA2173471,1661630,22,75528.64,381010,327,0,0,229351,3,163446,5,102827,8,Pass QC
SAMN29681477,4954440,160,30965.25,516001,202,0,0,349329,6,189953,10,57764,19,Pass QC
SAMN09839437,2180838,159,13715.96,189769,213,0,0,40557,16,24628,30,11238,55,Pass QC
SAMN14118086,1648418,24,68684.08,371266,412,0,0,178270,3,95036,6,43071,11,Pass QC
SAMEA104156870,19948,29,687.86,6196,204,0,0,1403,3,629,7,223,20,Fail QC
SAMEA2682694,4320085,119,36303.24,281799,200,0,0,101744,15,87578,24,32762,39,Pass QC
SAMN14390534,4852067,63,77016.94,914386,203,0,0,293493,5,182990,9,108639,16,Pass QC
SAMN40420038,5378529,110,48895.72,768853,202,0,0,423407,5,197341,8,66907,17,Pass QC
SAMEA111386034,2523416,167,15110.28,260454,200,0,0,57632,13,31399,24,13369,47,Pass QC
SAMEA2534347,4348512,150,28990.08,204812,200,100,1,70118,19,44837,34,19407,62,May be good for QC
SAMN07532277,1784627,41,43527.49,280342,262,300,3,174662,4,92819,7,46849,12,Fail QC
SAMN40477153,5614892,183,30682.47,383365,204,0,0,148027,11,87305,22,26614,43,Pass QC
SAMN35645356,4024155,80,50301.94,544228,210,0,0,158247,7,104797,14,46577,25,Pass QC
SAMN09384852,2141018,61,35098.66,409953,235,0,0,127316,5,64167,11,22281,22,Pass QC
SAMEA111274103,5429007,180,30161.15,645197,201,0,0,259683,7,140361,14,52867,28,Pass QC
SAMN19658056,4360200,108,40372.22,245580,223,0,0,100734,13,66007,23,33694,40,Pass QC
SAMN12663057,1715198,37,46356.7,339679,257,0,0,184497,4,97088,6,74924,10,Pass QC
SAMEA8997990,2796633,191,14642.06,131557,200,0,0,47614,19,33556,33,14744,56,Pass QC
SAMN37691987,4767800,62,76900.0,1118197,211,0,0,438210,4,330365,6,150977,10,Pass QC
SAMN20297957,5084708,92,55268.57,690304,201,0,0,312461,6,158606,10,55003,21,Pass QC
SAMEA115029676,2082025,49,42490.31,581493,214,0,0,118890,5,59730,10,33614,19,Pass QC
SAMN05757740,5009931,107,46821.79,541778,206,300,3,138731,10,95914,19,39320,36,Fail QC
SAMN03478084,4700166,65,72310.25,933319,219,0,0,226426,6,122841,12,67766,22,Pass QC
SAMN02364078,4352660,133,32726.77,233602,200,0,0,93979,17,60664,29,26811,50,Pass QC
SAMN10959394,4833922,92,52542.63,951805,202,0,0,227429,6,137985,11,73926,21,Pass QC
SAMEA1522036,4967180,127,39111.65,441878,201,0,0,176677,11,101916,18,44687,32,Pass QC
SAMN19657960,4370520,121,36120.0,295653,208,0,0,104514,15,71749,25,31718,41,Pass QC
SAMN27959463,4546102,83,54772.31,678577,207,0,0,265292,6,204822,9,90912,16,Pass QC
SAMEA2070415,5086863,51,99742.41,672851,250,0,0,388960,5,250671,9,109469,14,Pass QC
SAMN20085020,5659844,493,11480.41,615824,200,0,0,142946,12,73049,23,14162,51,May be good for QC
SAMEA5061517,3473678,43,80783.21,540715,217,0,0,237526,5,196261,8,80104,12,Pass QC
SAMEA115744754,4369410,118,37028.9,253936,220,0,0,99167,14,65217,25,32303,41,Pass QC
SAMN22255193,2159212,204,10584.37,122363,205,0,0,41164,17,23890,30,9821,55,May be good for QC
SAMN03285304,3020338,29,104149.59,979559,201,0,0,506125,3,355676,4,151346,6,Pass QC
SAMN13175774,4585661,170,26974.48,217993,201,0,0,64359,22,42501,40,18961,70,Pass QC
SAMEA112804845,4305924,161,26744.87,204762,221,0,0,65293,22,42741,37,19437,65,Pass QC
SAMN36620849,2118412,142,14918.39,207919,201,0,0,78994,10,49032,17,18315,31,Pass QC
SAMN17981873,5294550,86,61564.53,1276806,201,0,0,716701,3,234403,6,88449,13,Pass QC
SAMN23565687,2155619,119,18114.45,207969,200,0,0,88392,8,39685,16,21409,30,Pass QC
SAMN08299210,2149402,51,42145.14,361709,213,0,0,173568,5,93368,8,37350,16,Pass QC
SAMN27097585,1781457,98,18178.13,316863,200,0,0,117432,5,79637,9,46990,14,Pass QC
SAMN10436179,6454108,180,35856.16,346348,207,0,0,123932,17,64945,34,29848,62,Pass QC
SAMN29048932,1774057,52,34116.48,187616,212,0,0,128199,6,93542,10,59503,14,Pass QC
SAMN07678539,5108171,105,48649.25,490924,202,0,0,188951,10,109095,17,46325,30,Pass QC
SAMEA1025961,2070752,173,11969.66,104383,200,0,0,29928,22,20005,39,7544,69,Pass QC
SAMEA104312566,4235361,50,84707.22,700550,203,0,0,244955,5,226956,8,114712,13,Pass QC
SAMN29128073,2843908,187,15208.06,190586,211,0,0,48510,19,30575,33,12144,64,Pass QC
SAMN11962649,2936994,61,48147.44,268620,255,0,0,119527,9,79088,14,34673,25,Pass QC
SAMN38373038,2735700,37,73937.84,720721,204,0,0,325569,3,151086,5,78541,10,Pass QC
SAMN07415505,5012201,72,69613.9,1123749,211,0,0,440582,4,324583,6,86764,13,Pass QC
SAMN13915770,4649194,52,89407.58,1245582,226,0,0,678487,3,671522,4,147621,7,Pass QC
SAMEA9966733,4898637,94,52113.16,595166,200,0,0,225796,7,169151,11,81522,20,Pass QC
SAMN32721259,4972151,105,47353.82,843194,201,0,0,172464,9,118654,15,53529,28,Pass QC
SAMN28450140,5401871,317,17040.6,375926,200,0,0,142618,12,93581,22,40760,40,May be good for QC
SAMEA104412361,5017309,121,41465.36,628422,201,0,0,165080,9,101755,17,44687,32,Pass QC
SAMN03996912,2830391,115,24612.1,157666,263,100,1,75178,14,39897,25,13005,48,May be good for QC
SAMEA115707225,3026826,249,12155.93,129780,200,0,0,35745,25,20647,47,6730,93,May be good for QC
SAMEA115427618,5692409,152,37450.06,932831,204,0,0,236399,6,106345,13,38980,30,Pass QC
SAMEA4542423,2096585,46,45577.93,590751,215,0,0,226615,3,120600,6,36909,12,Pass QC
SAMN19971515,5521955,630,8765.01,247145,201,0,0,118031,17,68248,29,15511,59,Fail QC
SAMN15542879,4707611,64,73556.42,1083886,201,0,0,244339,4,161402,9,111466,15,Pass QC
SAMEA1706671,4308513,217,19854.9,123129,207,0,0,47637,31,31334,53,12333,95,May be good for QC
SAMN13895222,1778492,40,44462.3,189342,219,0,0,115211,6,93480,9,31587,15,Pass QC
SAMEA111482328,5018904,109,46044.99,398470,218,0,0,160792,10,104219,18,39975,33,Pass QC
SAMN41409978,4980962,115,43312.71,600512,201,0,0,192276,8,102465,15,52426,29,Pass QC
SAMEA3981082,4867380,145,33568.14,307106,202,0,0,107585,15,66433,26,23305,47,Pass QC
SAMN20568285,4882056,62,78742.84,643575,213,0,0,313817,6,217659,10,77105,17,Pass QC
SAMN35716431,4732931,45,105176.24,1508708,201,0,0,421568,3,228064,6,122881,13,Pass QC
SAMEA7617468,4368288,126,34668.95,230971,208,0,0,94066,17,60105,29,26915,48,Pass QC
SAMEA112801378,4398256,136,32340.12,295585,200,0,0,97470,16,64476,28,26388,49,Pass QC
SAMEA4043696,2116171,50,42323.42,289019,260,0,0,100349,7,70121,12,25064,22,Pass QC
SAMD00136973,5462356,439,12442.72,375079,200,0,0,182824,10,95424,19,25123,40,May be good for QC
SAMEA8999969,5672865,318,17839.2,352661,200,0,0,119901,17,80982,28,25514,52,May be good for QC
SAMN03476403,4714724,78,60445.18,452543,201,0,0,177488,9,101027,16,62792,26,Pass QC
SAMN09722770,4734084,48,98626.75,800045,221,0,0,401055,5,171262,9,73675,16,Pass QC
SAMEA2078037,3533222,74,47746.24,239806,206,0,0,86321,14,52985,24,28255,42,Pass QC
SAMN09941067,1634998,44,37159.05,155963,329,0,0,89046,7,55703,12,28020,20,Pass QC
SAMN22631072,3016706,217,13901.87,148129,200,0,0,39044,22,24521,41,10701,77,May be good for QC
SAMN21389100,4772464,73,65376.22,428340,200,0,0,215288,8,150901,13,77331,22,Pass QC
SAMN10686081,2521044,120,21008.7,287568,200,0,0,76498,9,54389,17,26082,30,Pass QC
SAMEA113939657,5157775,146,35327.23,593220,204,0,0,203369,8,132518,14,52440,25,Pass QC
SAMN31792239,4807827,106,45356.86,560993,206,0,0,222976,7,126374,13,53203,24,Pass QC
SAMN20695306,4781755,56,85388.48,1298894,207,0,0,692552,3,689381,4,174407,7,Pass QC
SAMN31423577,4361468,159,27430.62,205057,202,0,0,78351,20,49494,34,21188,59,Pass QC
SAMEA5161562,5689820,223,25514.89,432628,210,0,0,260362,9,129794,16,47812,30,May be good for QC
SAMN23566088,2075677,204,10174.89,97515,205,0,0,34290,20,16438,37,7003,76,May be good for QC
SAMEA112868166,2530423,68,37212.1,344779,215,0,0,152572,6,112573,10,39060,18,Pass QC
SAMN41452530,4995974,317,15760.17,340016,200,0,0,86148,18,53639,32,18550,59,May be good for QC
SAMN09675100,4734749,40,118368.73,1509055,210,100,1,490145,3,401282,5,153352,9,May be good for QC
SAMEA5948141,2197352,89,24689.35,214296,205,0,0,108914,8,60375,14,35176,24,Pass QC
SAMEA4008543,2784097,43,64746.44,333937,233,0,0,146636,8,125411,12,54585,18,Pass QC
SAMN07152399,4617907,81,57011.2,537671,215,0,0,190054,8,126173,14,75596,24,Pass QC
SAMN04607364,4729749,57,82978.05,644914,210,100,1,439450,5,231818,8,115829,14,May be good for QC
SAMN14258765,5181182,190,27269.38,755967,207,0,0,278601,6,197390,10,73402,18,Pass QC
SAMN13008983,4701960,39,120563.08,1508895,236,0,0,479308,3,310575,5,144196,9,Pass QC
SAMN25050079,4580245,124,36937.46,370749,204,0,0,147811,10,109258,17,41865,31,Pass QC
SAMN05421841,4677754,17,275162.0,1963409,407,100,1,1032902,2,465389,3,209233,6,May be good for QC
SAMN29145286,5228965,278,18809.23,465439,202,0,0,249082,8,91101,15,29601,32,May be good for QC
SAMN21366479,5190959,113,45937.69,709989,220,0,0,245619,8,159637,13,42074,22,Pass QC
SAMN15088219,3011806,313,9622.38,161286,213,0,0,43092,23,21845,44,7154,92,May be good for QC
SAMN12507521,2517469,81,31079.86,204347,213,0,0,73546,12,48301,20,26249,32,Pass QC
SAMEA115672682,4675135,121,38637.48,761814,203,0,0,381786,5,309597,8,86729,14,Pass QC
SAMN36797496,5100851,107,47671.5,994904,201,0,0,466099,4,234768,7,81868,14,Pass QC
SAMN05427534,1649763,29,56888.38,182060,917,0,0,148537,5,68076,9,42713,16,Pass QC
SAMN10914599,2151080,164,13116.34,172967,204,0,0,41793,16,32096,27,11206,50,Pass QC
SAMD00603583,4378565,182,24058.05,172318,215,0,0,66095,23,48621,38,17178,67,Pass QC
SAMEA114490190,2095390,32,65480.94,573340,208,0,0,569217,2,175141,4,89055,7,Pass QC
SAMEA6057441,4781637,96,49808.72,638003,209,0,0,309045,6,156135,10,79013,18,Pass QC
SAMN37161029,4805600,94,51123.4,914329,222,0,0,363774,4,199490,8,93397,15,Pass QC
SAMN16982609,6491418,125,51931.34,384316,201,0,0,194092,13,126234,22,55079,38,Pass QC
SAMN26895947,4824766,99,48735.01,759581,209,0,0,175264,8,143131,14,78852,23,Pass QC
SAMN09224648,2138777,62,34496.4,315351,208,200,2,117425,5,71702,10,32127,19,Fail QC
SAMN11554220,2155974,123,17528.24,206583,214,0,0,65133,11,35343,21,16777,38,Pass QC
SAMN12589446,3868445,292,13248.1,73535,204,0,0,21232,60,14446,104,7737,178,May be good for QC
SAMEA112330940,2767033,33,83849.48,544327,258,0,0,204966,4,115064,8,82490,13,Pass QC
SAMEA13959379,5338649,171,31220.17,473938,200,0,0,107081,15,73359,27,26827,49,Pass QC
SAMN15562567,2131888,65,32798.28,282885,216,0,0,114353,6,51089,12,35040,21,Pass QC
SAMN11102765,4550325,31,146784.68,1956745,201,0,0,698906,2,421470,4,195495,6,Pass QC
SAMN16265163,4786099,73,65563.0,1261319,220,0,0,506317,3,381467,6,140285,10,Pass QC
SAMN29960466,5119206,151,33902.03,646279,202,0,0,188976,8,116535,15,51871,27,Pass QC
SAMN15850757,4968088,101,49188.99,1027121,201,0,0,181537,7,141264,13,56919,25,Pass QC
SAMEA112685497,4819498,91,52961.52,762410,210,0,0,454530,4,321080,7,110110,12,Pass QC
SAMN20163992,4597118,88,52239.98,593966,201,0,0,241685,7,187888,11,110325,17,Pass QC
SAMN34436342,4677475,53,88254.25,1411848,205,0,0,497622,3,308442,5,135952,10,Pass QC
SAMEA3296144,6466985,111,58261.13,360358,201,0,0,210699,12,128666,20,67892,34,Pass QC
SAMN35801438,5201628,139,37421.78,608229,209,0,0,329239,6,185630,11,65183,20,Pass QC
SAMN12204843,4851497,49,99010.14,1547163,204,0,0,491531,3,401018,5,153161,9,Pass QC
SAMEA8008350,2812902,78,36062.85,409974,207,0,0,110120,8,71520,14,40410,23,Pass QC
SAMN07260981,4781250,37,129222.97,1549494,200,100,1,490221,3,401045,5,171195,8,May be good for QC
SAMEA2662174,2698177,60,44969.62,248968,202,0,0,118227,8,73461,14,26960,27,Pass QC
SAMEA1469911,2823698,75,37649.31,292265,203,0,0,132298,8,67716,14,36358,26,Pass QC
SAMN10360833,4555584,84,54233.14,413985,203,0,0,133051,11,106278,19,42014,33,Pass QC
SAMD00489598,2895741,67,43220.01,277528,201,0,0,151215,8,96720,13,42955,22,Pass QC
SAMEA7006660,3147346,76,41412.45,439680,201,0,0,380810,4,201443,7,72428,12,Pass QC
SAMN35091438,2959076,19,155740.84,698656,255,0,0,520515,3,489494,4,253880,6,Pass QC
SAMD00171445,5595953,156,35871.49,503371,204,0,0,312863,8,184919,12,49312,25,Pass QC
SAMEA104305205,3913690,75,52182.53,347684,201,0,0,162160,9,111922,14,46462,26,Pass QC
SAMN07655345,2071847,210,9865.94,65510,203,0,0,22866,26,15110,48,6691,86,May be good for QC
SAMEA5038486,4995936,74,67512.65,937120,219,0,0,474257,4,277816,7,77222,14,Pass QC
SAMN31141317,5297126,372,14239.59,258775,200,0,0,91956,17,56672,31,14301,67,May be good for QC
SAMN33797233,3937650,120,32813.75,176064,205,0,0,86424,16,58433,27,26519,47,Pass QC
SAMN41752800,4737246,52,91100.88,650501,202,0,0,327421,5,153479,10,89018,18,Pass QC
SAMN09283918,4891469,52,94066.71,1009708,205,0,0,314102,4,210721,8,148969,14,Pass QC
SAMN12821256,4539331,68,66754.87,845779,201,0,0,262858,5,177918,9,99921,16,Pass QC
SAMN38726686,4735899,53,89356.58,1472831,224,0,0,394158,3,310856,6,149908,10,Pass QC
SAMN10505417,4613984,72,64083.11,1354112,225,0,0,333904,4,303783,7,104855,12,Pass QC
SAMN23226936,2769402,121,22887.62,340491,201,0,0,176582,6,121647,10,49773,17,Pass QC
SAMN37316870,1564699,43,36388.35,247746,250,0,0,123787,5,62070,9,24773,16,Pass QC
SAMN16885693,1740051,25,69602.04,352620,254,0,0,265731,3,163050,5,92600,8,Pass QC
SAMN37443242,4690560,45,104234.67,556949,213,0,0,308363,6,225726,9,140231,15,Pass QC
SAMEA111266545,5031271,95,52960.75,694385,201,0,0,280157,6,148521,11,55715,22,Pass QC
SAMN40546384,2980382,45,66230.71,529575,201,0,0,238080,5,139881,8,60155,15,Pass QC
SAMN40632216,4842093,47,103023.26,1350594,201,0,0,533882,3,398589,5,196900,9,Pass QC
SAMN15777509,4814483,52,92586.21,1133680,212,0,0,646290,3,299242,6,119052,11,Pass QC
SAMN41410746,4888005,108,45259.31,471519,201,0,0,179877,10,90466,18,47940,32,Pass QC
SAMEA9477706,4956916,84,59010.9,929109,200,0,0,282749,5,155715,10,74806,18,Pass QC
SAMN11360308,4737554,45,105278.98,1378656,200,0,0,368291,4,301357,7,77310,14,Pass QC
SAMN23844077,5118768,226,22649.42,235802,203,0,0,97765,18,57057,32,17145,63,May be good for QC
SAMN33874116,1837638,101,18194.44,316029,202,0,0,142515,4,83729,8,27598,16,Pass QC
SAMN35820207,5024729,94,53454.56,1195850,201,0,0,203983,5,152328,10,67176,20,Pass QC
SAMN02849723,5038005,113,44584.12,336069,209,0,0,172401,11,91211,19,37256,36,Pass QC
SAMN03275489,3026240,24,126093.33,890939,312,0,0,435873,3,331531,4,100954,8,Pass QC
SAMEA1466918,2883948,76,37946.68,289532,222,0,0,170522,7,62017,13,30297,25,Pass QC
SAMN08379667,4367005,176,24812.53,161511,200,0,0,51528,25,32842,46,16478,81,Pass QC
SAMN10910366,4556094,96,47459.31,469344,209,0,0,312550,6,201244,10,77447,18,Pass QC
SAMEA7544257,4356893,106,41102.76,295949,219,0,0,132143,11,90187,19,45265,32,Pass QC
SAMEA3381665,2090916,50,41818.32,401062,214,0,0,118350,6,80427,10,48119,16,Pass QC
SAMEA3447852,4905316,86,57038.56,666179,207,0,0,179921,8,126719,15,53124,26,Pass QC
SAMEA12279727,2151588,143,15046.07,207644,200,0,0,52831,12,35453,22,16201,40,Pass QC
SAMN30335050,2753310,48,57360.62,526912,201,0,0,163631,5,126656,9,47993,15,Pass QC
SAMN09011418,2153233,192,11214.76,144171,200,0,0,35862,18,23903,33,9206,60,Pass QC
SAMEA4620609,2712915,40,67822.88,386358,206,0,0,199474,5,147305,8,81974,12,Pass QC
SAMEA115102684,2170707,123,17648.02,328440,210,0,0,76397,8,48535,15,19428,29,Pass QC
SAMEA14035547,1679645,206,8153.62,106336,200,0,0,15031,34,9412,62,4782,112,May be good for QC
SAMN34361041,4752848,64,74263.25,615880,210,0,0,226706,7,148322,12,73472,22,Pass QC
SAMN10129547,5074182,47,107961.32,1875775,205,0,0,894234,2,506445,4,196948,6,Pass QC
SAMEA114479026,1984209,24,82675.38,340049,207,0,0,244337,4,147065,6,63909,10,Pass QC
SAMEA1403923,4386009,135,32488.96,234191,200,0,0,101883,15,73411,25,29124,43,Pass QC
SAMEA1117852,4390019,114,38508.94,256286,201,400,4,125547,12,93287,21,43648,34,Fail QC
SAMEA4649816,2026232,54,37522.81,232720,217,0,0,100286,7,68083,12,44221,19,Pass QC
SAMN31097759,4771357,60,79522.62,698683,200,0,0,391766,5,299757,8,133082,12,Pass QC
SAMEA4978952,2107382,71,29681.44,204248,202,0,0,101277,7,61643,12,38151,21,Pass QC
SAMEA111523679,5638661,174,32406.1,509668,208,0,0,191944,10,87257,18,31648,39,Pass QC
SAMN16722174,5407093,207,26121.22,649269,202,0,0,249107,8,132399,14,41637,27,May be good for QC
SAMN25221502,4524618,74,61143.49,637944,216,0,0,271733,5,175297,9,67040,17,Pass QC
SAMN38228224,4870230,74,65813.92,820997,202,0,0,273140,6,162535,11,81016,20,Pass QC
SAMEA11023814,2040485,31,65822.1,452068,218,0,0,146917,4,84741,8,56425,14,Pass QC
SAMN14500663,2090768,114,18340.07,169847,201,0,0,65920,11,41044,19,19848,34,Pass QC
SAMN07633529,1822877,102,17871.34,287605,211,0,0,173769,4,83220,8,17041,14,Pass QC
