sample,total_length,number,mean_length,N50,QC_Prediction
SAMN26378909,4237584,960,4414.15,5869,Fail
SAMEA9477628,7904153,9973,792.56,1423,Fail
SAMEA111272045,6792181,1353,5020.09,14378,Fail
SAMN41341161,4455074,847,5259.83,8338,Fail
SAMEA115667405,5875585,478,12292.02,55032,Fail
SAMEA104142995,3115912,1024,3042.88,3904,Fail
SAMEA7391510,6720009,978,6871.17,56186,Fail
SAMEA112764331,3104576,1482,2094.86,2762,Fail
SAMN28592237,7687324,8338,921.96,1734,Fail
SAMN35126880,1072783,93,11535.3,39355,Fail
SAMEA8899937,3330927,259,12860.72,22124,Fail
SAMEA5098775,6428806,1125,5714.49,15151,Fail
SAMN30049147,6381572,4732,1348.6,70061,Fail
SAMEA104351962,7313969,5722,1278.22,2336,Fail
SAMEA5740979,8874126,5727,1549.52,3483,Fail
SAMN00102953,4400398,2003,2196.9,3197,Fail
SAMEA8901085,5767496,5444,1059.42,2983,Fail
SAMEA8701262,9750482,6192,1574.69,8566,Fail
SAMN08152983,9124137,5583,1634.27,2830,Fail
SAMN13876183,5690045,5521,1030.62,4662,Fail
SAMN42358666,7237416,7420,975.39,1936,Fail
SAMEA9477495,10337184,6690,1545.17,8163,Fail
SAMEA20129668,484242,389,1244.84,1394,Fail
SAMEA3251953,262157,53,4946.36,9766,Fail
SAMEA111273491,2070596,108,19172.19,35861,Fail
SAMN18191037,5376847,488,11018.13,46466,Pass
SAMN04191546,8335612,4881,1707.77,2819,Fail
SAMEA112202948,5926600,1146,5171.55,44774,Fail
SAMEA5786672,5584714,2204,2533.9,4537,Fail
SAMEA3981911,6026616,900,6696.24,41031,Fail
SAMN29870557,2837129,131,21657.47,53831,Fail
SAMEA12547469,9697108,11365,853.24,1409,Fail
SAMEA111272260,6214518,797,7797.39,35589,Fail
SAMN20551407,7388268,5318,1389.29,2853,Fail
SAMN30467497,6456426,985,6554.75,32930,Fail
SAMN17569901,3955696,411,9624.56,16773,Fail
SAMEA5206504,1523584,563,2706.19,3685,Fail
SAMN12599912,14132709,22957,615.62,929,Fail
SAMN13932417,329451,50,6589.02,20001,Fail
SAMEA9843987,9196413,11658,788.85,1602,Fail
SAMN10840025,343470,188,1826.97,2500,Fail
SAMN17367941,5442280,2303,2363.13,8020,Fail
SAMN29870579,3072885,211,14563.44,95565,Fail
SAMN17165605,3977462,1225,3246.91,5040,Fail
SAMN37434744,7294853,1121,6507.45,24038,Fail
SAMN07197416,224778,16,14048.62,117573,Fail
SAMEA2698431,4266867,1433,2977.58,8925,Fail
SAMEA3980776,7827279,1901,4117.45,10126,Fail
SAMN01922311,2154705,965,2232.85,2854,Fail
SAMEA3982300,7740956,3737,2071.44,4745,Fail
SAMN09380319,5936309,2092,2837.62,8056,Fail
SAMN32247324,7502862,6511,1152.34,2239,Fail
SAMEA111271724,8341689,8902,937.06,1684,Fail
SAMEA115667601,9421941,4802,1962.09,17098,Fail
SAMN16662997,2153366,482,4467.56,6710,Fail
SAMEA8570783,9203824,11263,817.17,1823,Fail
SAMEA8571691,7717579,9008,856.75,1786,Fail
SAMN31969690,182892,75,2438.56,29726,Fail
SAMEA111271943,9928639,5001,1985.33,11948,Fail
SAMEA4464639,6523254,3149,2071.53,4982,Fail
SAMEA110347714,7314038,7086,1032.18,2354,Fail
SAMEA4672808,10364078,5330,1944.48,12179,Fail
SAMEA9477455,11861162,14313,828.7,1946,Fail
SAMN38649496,2968671,103,28822.05,61311,Fail
SAMN12599830,9885670,6001,1647.34,5397,Fail
SAMEA5376809,6345660,897,7074.31,31418,Fail
SAMN04903932,5871866,2606,2253.21,7740,Fail
SAMN16663549,9713131,7278,1334.59,2610,Fail
SAMN35126928,2775801,307,9041.7,21475,Fail
SAMEA8570887,6117306,818,7478.37,28478,Fail
SAMEA5075812,4993629,1887,2646.33,4818,Fail
SAMEA7566852,4462149,607,7351.15,12719,Fail
SAMN02802040,1104281,1473,749.68,988,Fail
SAMEA5043552,7396085,7610,971.89,2728,Fail
SAMN00623096,3367669,1092,3083.95,4900,Fail
SAMEA7608944,8310383,4730,1756.95,3476,Fail
SAMEA112128239,6123246,891,6872.33,24070,Fail
SAMN21464935,362080,333,1087.33,1056,Fail
SAMEA4464671,6402998,3196,2003.44,4177,Fail
SAMEA111274719,9348461,7284,1283.42,3194,Fail
SAMEA104314588,9963547,2310,4313.22,10394,Fail
SAMN13853756,4666150,5356,871.2,1408,Fail
SAMN14490921,4139003,1186,3489.88,5006,Fail
SAMEA8272009,6120600,2267,2699.87,9215,Fail
SAMEA26832418,7362797,3924,1876.35,3722,Fail
SAMN04388547,8122807,13115,619.35,1530,Fail
SAMN18191048,7912816,8058,981.98,2165,Fail
SAMN40380408,5714820,5091,1122.53,20969,Fail
SAMEA104370208,5386858,155,34753.92,373519,Pass
SAMEA7109441,1584740,485,3267.51,5345,Fail
SAMEA4686301,6343791,1024,6195.11,36569,Fail
SAMN03922976,5603966,823,6809.19,27025,Fail
SAMN35769066,5818319,2045,2845.14,35144,Fail
SAMD00587894,2619841,51,51369.43,169122,Fail
SAMN24386984,6076333,1328,4575.55,17511,Fail
SAMN42181512,3726572,1100,3387.79,6683,Fail
SAMEA115097172,915748,385,2378.57,6792,Fail
SAMEA9850668,6583878,4067,1618.85,4932,Fail
SAMEA6424981,6950395,5568,1248.27,3744,Fail
SAMN26797088,6052187,2001,3024.58,79805,Fail
SAMN07677126,6570844,937,7012.64,26973,Fail
SAMN34372484,4587900,3134,1463.91,6266,Fail
SAMN31077343,5863687,2430,2413.04,6869,Fail
SAMN17164281,9986439,5070,1969.71,10424,Fail
SAMN12600012,8437979,9378,899.76,1529,Fail
SAMEA1317790,6567526,4662,1408.74,3931,Fail
SAMN09763748,2411436,537,4490.57,6047,Fail
SAMN20429931,3711364,543,6834.92,10919,Fail
SAMEA5786667,6508490,2974,2188.46,7812,Fail
SAMEA10301137,5629659,498,11304.54,94235,Fail
SAMN14491165,7937753,10602,748.7,1149,Fail
SAMEA5855085,6210257,3198,1941.92,6827,Fail
SAMN35442778,5481514,373,14695.75,39018,Pass
SAMEA3538730,6174362,677,9120.18,32576,Fail
SAMN03975951,1015443,731,1389.11,7093,Fail
SAMEA1903777,6071205,2927,2074.21,8558,Fail
SAMD00148558,6071992,7305,831.21,1120,Fail
SAMN08797444,4619523,1039,4446.12,7294,Fail
SAMEA7530930,10226598,2735,3739.16,39859,Fail
SAMN10840029,1218419,589,2068.62,2468,Fail
SAMEA5075919,4640109,2453,1891.61,3069,Fail
SAMN08159356,113986,7,16283.71,106959,Fail
SAMN12500168,397405,229,1735.39,2063,Fail
SAMN04393280,5405176,777,6956.47,29255,Fail
SAMEA8701268,11770947,11311,1040.66,4990,Fail
SAMN25050128,5470262,2340,2337.72,6293,Fail
SAMN14532062,8202458,6213,1320.21,3586,Fail
SAMEA9477536,7484031,7537,992.97,2101,Fail
SAMN12500165,5723645,1703,3360.92,11338,Fail
SAMN09405645,7364308,4508,1633.61,4930,Fail
SAMEA104146633,6003271,773,7766.2,60352,Fail
SAMD00111225,821616,208,3950.08,6668,Fail
SAMEA104455086,3434680,8162,420.81,459,Fail
SAMEA5098776,8133342,5914,1375.27,2887,Fail
SAMEA5098031,5600865,525,10668.31,113465,Fail
SAMEA5075696,4272637,2075,2059.1,3385,Fail
SAMN03922908,5484481,550,9971.78,36715,Fail
SAMEA3322020,7958322,2420,3288.56,8940,Fail
SAMEA1570414,6121983,1214,5042.82,14930,Fail
SAMEA7584723,6628194,1263,5247.98,17063,Fail
SAMN20065143,7962689,10438,762.86,1415,Fail
SAMEA5075637,4833128,2157,2240.67,3995,Fail
SAMEA104288121,6913575,4776,1447.57,2837,Fail
SAMN40219144,5770989,1032,5592.04,18989,Fail
SAMD00111243,480717,103,4667.16,23736,Fail
SAMN07762495,2716678,627,4332.82,6246,Fail
SAMN38649488,5278909,3272,1613.36,45734,Fail
SAMN18191163,7652234,8234,929.35,2653,Fail
SAMN32919416,676003,378,1788.37,1923,Fail
SAMN18191216,7123047,4991,1427.18,2591,Fail
SAMN07738671,4175433,1241,3364.57,5196,Fail
SAMEA8606868,6034965,9918,608.49,766,Fail
SAMEA1570819,5471421,2757,1984.56,5414,Fail
SAMEA7457228,6581441,3804,1730.14,4175,Fail
SAMN04388557,5737462,1070,5362.11,18578,Fail
SAMN18191013,6526513,3459,1886.82,5594,Fail
SAMN36451223,5923990,2849,2079.32,204510,Fail
SAMN18524172,2439288,1445,1688.09,1900,Fail
SAMEA4848519,9976019,9153,1089.92,1742,Fail
SAMEA104653439,2716776,1386,1960.16,2759,Fail
SAMN05371983,5050775,3018,1673.55,17995,Fail
SAMN38256316,10547594,3422,3082.29,34606,Fail
SAMEA104292822,9449586,133,71049.52,369262,Fail
SAMN04393243,7430845,9864,753.33,2246,Fail
SAMEA111272111,9036673,8679,1041.21,1841,Fail
SAMN09866874,756854,40,18921.35,49765,Fail
SAMN07762252,3796372,1201,3161.01,4572,Fail
SAMEA5876599,8935894,11526,775.28,1613,Fail
SAMEA48228418,5937241,3687,1610.32,3771,Fail
SAMEA4415592,3516853,1234,2849.96,5675,Fail
SAMN22563829,187818,2,93909.0,169357,Fail
SAMEA4607446,6019960,956,6297.03,26760,Fail
SAMEA111270580,9776376,6925,1411.75,3835,Fail
SAMN29963755,5363607,1749,3066.67,18895,Fail
SAMEA7230819,1700952,170,10005.6,24266,Fail
SAMEA111551586,5307816,1035,5128.32,19913,Fail
SAMEA8571182,8703815,5039,1727.29,3357,Fail
SAMEA2223880,6203700,3924,1580.96,5168,Fail
SAMN14103111,2804859,574,4886.51,9394,Fail
SAMEA111272110,6835750,1887,3622.55,14124,Fail
SAMEA20143918,812798,398,2042.21,2601,Fail
SAMN07762471,596056,364,1637.52,2257,Fail
SAMN08865247,1966871,249,7899.08,12472,Fail
SAMEA7817958,6077339,525,11575.88,52659,Fail
SAMEA5377075,10532520,12955,813.01,1492,Fail
SAMEA110347592,10360702,6401,1618.61,6090,Fail
SAMN35733999,5710010,4944,1154.94,2265,Fail
SAMEA8571188,6280998,1001,6274.72,29966,Fail
SAMN41330154,254583,139,1831.53,3341,Fail
SAMEA12940741,5354237,183,29258.13,154678,Pass
SAMD00256197,174885,73,2395.68,3622,Fail
SAMN18191364,8052012,6346,1268.83,2308,Fail
SAMN10840041,3700354,871,4248.4,5929,Fail
SAMEA8900043,3447636,457,7544.06,15403,Fail
SAMEA6424999,5778340,1848,3126.81,15878,Fail
SAMN12500112,3236503,786,4117.69,5724,Fail
SAMN13755520,5330794,2075,2569.06,77046,Fail
SAMEA5422214,7109221,1531,4643.51,10426,Fail
SAMN11104392,10078847,5838,1726.42,12815,Fail
SAMN10840013,696217,389,1789.76,2059,Fail
SAMEA104107514,6818175,3653,1866.46,4361,Fail
SAMN05734315,7974671,6186,1289.15,2808,Fail
SAMEA5957607,1172237,518,2263.01,2836,Fail
SAMN12601610,9637892,10910,883.4,1483,Fail
SAMN15904812,540309,250,2161.24,3147,Fail
SAMN01922332,313393,218,1437.58,1735,Fail
SAMEA8570931,7907127,7931,996.99,1854,Fail
SAMN16787529,8325559,5497,1514.56,2505,Fail
SAMEA8899996,755546,188,4018.86,6748,Fail
SAMEA5740917,7285871,2618,2782.99,6694,Fail
SAMEA8899971,165819,80,2072.74,4138,Fail
SAMEA5075667,4623654,1675,2760.39,5127,Fail
SAMN25050122,8940299,12811,697.86,966,Fail
SAMEA2223873,6502124,4675,1390.83,4052,Fail
SAMN30167402,8611615,10231,841.72,1927,Fail
SAMEA6424317,7544343,6494,1161.74,2605,Fail
SAMN12648199,8750293,8681,1007.98,2060,Fail
SAMN41560770,2711112,492,5510.39,10158,Fail
SAMN12600002,9694321,6083,1593.67,3924,Fail
SAMN12731455,5305138,106,50048.47,336156,Pass
SAMN30195837,7184790,3800,1890.73,6061,Fail
SAMEA9477819,11998320,11929,1005.81,2175,Fail
SAMEA20182168,610139,323,1888.98,2302,Fail
SAMEA20133418,2580497,763,3382.04,4676,Fail
SAMEA115097398,397506,19,20921.37,231923,Fail
SAMN08159362,118386,14,8456.14,109428,Fail
SAMN17367916,6758949,5778,1169.77,3117,Fail
SAMEA104292754,7782324,4068,1913.06,3561,Fail
SAMEA8903699,446638,402,1111.04,1852,Fail
SAMEA110471320,4007138,925,4332.04,8984,Fail
SAMN03702859,548762,787,697.28,775,Fail
SAMEA110354795,6356350,622,10219.21,36753,Fail
SAMEA115084416,7958515,6159,1292.18,2175,Fail
SAMN32414727,6288023,1264,4974.7,18249,Fail
SAMEA110355442,5260707,118,44582.26,372908,Pass
SAMN02801863,3079892,646,4767.63,7152,Fail
SAMEA111270560,6773772,2535,2672.1,6912,Fail
SAMN30242930,6178031,1404,4400.31,25496,Fail
SAMN13245801,10140899,10098,1004.25,1998,Fail
SAMEA111271396,6065161,805,7534.36,31912,Fail
SAMN16662960,1721782,605,2845.92,3950,Fail
SAMN24579066,166353,153,1087.27,2798,Fail
SAMEA110363072,5532058,491,11266.92,42710,Fail
SAMEA110363073,7633088,9589,796.03,1225,Fail
SAMEA5698447,6780867,2252,3011.04,14857,Fail
SAMN07761857,173484,206,842.16,904,Fail
SAMEA111273374,6447088,266,24237.17,85464,Fail
SAMEA111270104,5768022,3348,1722.83,6097,Fail
SAMEA110406071,7908712,8481,932.52,2104,Fail
SAMEA111270653,9733101,6820,1427.14,7710,Fail
SAMN07738626,4929698,1410,3496.24,6122,Fail
SAMN30728639,5797059,2437,2378.77,17828,Fail
SAMEA1531006,6242578,2765,2257.71,9090,Fail
SAMEA1031261,6206857,3550,1748.41,5688,Fail
SAMEA111270832,6261363,2819,2221.13,7929,Fail
SAMN13932426,346766,37,9372.05,28145,Fail
SAMEA9478654,11669082,12255,952.19,2021,Fail
SAMEA8903711,4499178,4257,1056.89,1499,Fail
SAMN19845040,1818546,643,2828.22,3771,Fail
SAMN03922987,6086613,1712,3555.26,14561,Fail
SAMEA110355190,10064916,5305,1897.25,19537,Fail
SAMEA3981674,7188003,1422,5054.85,10625,Fail
SAMEA7584654,7153263,2343,3053.04,6709,Fail
SAMN23405798,2574001,391,6583.12,9292,Fail
SAMEA7584694,5901204,819,7205.38,45937,Fail
SAMN02228533,4079175,2114,1929.6,3938,Fail
SAMN20959674,6443856,6157,1046.59,2519,Fail
SAMEA115464647,3566294,867,4113.37,5581,Fail
SAMEA104128300,6903445,5394,1279.84,2699,Fail
SAMEA6240769,8096504,3537,2289.09,5838,Fail
SAMEA111274329,2893834,91,31800.37,75983,Fail
SAMN12600059,9772454,10606,921.41,1643,Fail
SAMEA18881668,1525399,519,2939.11,4488,Fail
SAMEA9333798,8710427,9828,886.29,2053,Fail
SAMN17165458,2494694,1937,1287.92,1823,Fail
SAMN23492949,989852,1553,637.38,873,Fail
SAMEA3981013,6579881,1726,3812.21,14682,Fail
SAMEA111505420,9801219,6032,1624.87,9920,Fail
SAMN15502200,4123001,378,10907.41,21998,Fail
SAMEA8571108,8807663,10862,810.87,1619,Fail
SAMN13932422,124311,36,3453.08,6291,Fail
SAMN20065356,10380949,5681,1827.31,11864,Fail
SAMEA2003371,2843039,1233,2305.79,4188,Fail
SAMN35152283,1364172,231,5905.51,13870,Fail
SAMEA4415598,3848995,1378,2793.17,5619,Fail
SAMN07676763,240339,76,3162.36,7065,Fail
SAMEA20197168,2523014,1054,2393.75,3105,Fail
SAMEA111273410,9010474,8527,1056.7,2436,Fail
SAMN11897596,6535568,5875,1112.44,2526,Fail
SAMN35734006,5667321,5017,1129.62,2119,Fail
SAMEA8570833,5493432,536,10248.94,90102,Fail
SAMEA7584629,9569980,5610,1705.88,5856,Fail
SAMEA4415584,287478,156,1842.81,2927,Fail
SAMEA5616016,6607132,853,7745.76,27268,Fail
SAMN13024412,5586012,332,16825.34,230851,Fail
SAMEA18879418,3778686,1284,2942.9,3833,Fail
SAMN22569618,5644186,574,9833.08,33884,Fail
SAMN35734014,5629022,4748,1185.56,2268,Fail
SAMN24337807,4743449,2660,1783.25,2870,Fail
SAMN19845062,4160100,923,4507.15,6266,Fail
SAMN31714880,7479794,8220,909.95,1409,Fail
SAMEA111505326,6053997,2920,2073.29,10345,Fail
SAMN17165904,3348401,2510,1334.02,1992,Fail
SAMN32509150,5357333,2029,2640.38,4505,Fail
SAMD00254129,171935,55,3126.09,34324,Fail
SAMN32919509,4074107,676,6026.79,9242,Fail
SAMEA7457207,9735357,3771,2581.64,25095,Fail
SAMN12374383,5267926,2174,2423.15,7135,Fail
SAMN17165333,3089751,2672,1156.34,1575,Fail
SAMN08039642,5027296,91,55245.01,185821,Pass
SAMEA8903649,4416131,4768,926.2,1289,Fail
SAMEA3322088,7953448,3615,2200.12,5771,Fail
SAMEA7584445,7528989,7426,1013.87,2104,Fail
SAMN09232606,5518008,2807,1965.8,5532,Fail
SAMEA5075932,4665571,2228,2094.06,3580,Fail
SAMN05734370,7380551,3860,1912.06,4854,Fail
SAMEA5098348,9307517,6885,1351.85,2997,Fail
SAMEA6424487,6655901,1089,6111.94,44822,Fail
SAMN24603892,5570178,2549,2185.24,7450,Fail
SAMN36349191,666745,141,4728.69,11617,Fail
SAMEA7817553,7348129,5658,1298.71,2907,Fail
SAMN16560043,722162,740,975.89,1573,Fail
SAMEA111273973,6828199,1323,5161.15,16339,Fail
SAMEA6422454,8913290,10882,819.09,1707,Fail
SAMN14734118,6096159,680,8964.94,40403,Fail
SAMEA6422393,9383073,11730,799.92,1622,Fail
SAMN21361114,6151998,782,7867.01,43723,Fail
SAMEA10200447,7805447,10157,768.48,1459,Fail
SAMN16422296,1402472,551,2545.32,3449,Fail
SAMEA4686123,6182920,1067,5794.68,36422,Fail
SAMN17165908,2048277,1439,1423.4,2166,Fail
SAMEA111271626,5437213,1014,5362.14,20379,Fail
SAMN41594180,7631727,6627,1151.61,2216,Fail
SAMN20550153,221385,132,1677.16,3956,Fail
SAMN04388525,7913832,11291,700.9,1824,Fail
SAMEA111271390,9173571,10017,915.8,1978,Fail
SAMN39912579,111566,12,9297.17,22078,Fail
SAMEA111267772,6306715,992,6357.58,25172,Fail
SAMN34372481,3909996,470,8319.14,19619,Fail
SAMEA7469752,10152142,4951,2050.52,20769,Fail
SAMN04393270,5300503,561,9448.31,33840,Fail
SAMEA6507340,6378676,3151,2024.33,7555,Fail
SAMN19334706,429822,244,1761.57,1976,Fail
SAMEA4686151,9366922,5382,1740.42,7550,Fail
SAMEA5076006,4713489,2343,2011.73,3384,Fail
SAMD00321095,8807137,179,49201.88,235733,Fail
SAMEA104165334,7142657,7825,912.8,2295,Fail
SAMEA7591056,6554069,1153,5684.36,34095,Fail
SAMN30415849,7413812,7182,1032.28,2268,Fail
SAMEA111271028,6864731,2835,2421.42,7511,Fail
SAMEA20131918,2177514,754,2887.95,3990,Fail
SAMN04393259,5624714,228,24669.8,157935,Fail
SAMEA3981412,7107669,2616,2717.0,6480,Fail
SAMN41560765,278520,158,1762.78,5982,Fail
SAMEA20175418,4004898,802,4993.64,7199,Fail
SAMN06015059,6880274,2002,3436.7,10644,Fail
SAMN35126906,1737737,278,6250.85,13654,Fail
SAMN40991106,100984,255,396.02,504,Fail
SAMEA2054460,3115841,1080,2885.04,4485,Fail
SAMN30414045,6654179,4662,1427.32,3618,Fail
SAMN41330209,3778284,1156,3268.41,4822,Fail
SAMN14437706,6069348,2673,2270.61,8297,Fail
SAMN35126922,2831516,679,4170.13,13561,Fail
SAMN10085461,7305259,4174,1750.18,3041,Fail
SAMN09228505,6299350,1632,3859.9,15196,Fail
SAMEA112764163,5821607,405,14374.34,75845,Fail
SAMEA104165108,6549272,972,6737.93,25328,Fail
SAMN07197412,117972,4,29493.0,104655,Fail
SAMEA4469922,6724216,2270,2962.21,7741,Fail
SAMN07738684,4815415,1603,3004.0,4897,Fail
SAMN21464933,2114225,1213,1742.97,2003,Fail
SAMEA9478677,6093699,705,8643.54,58308,Fail
SAMN20429853,5567329,2111,2637.29,10051,Fail
SAMEA5076023,4933372,2230,2212.27,3920,Fail
SAMEA111271883,8155574,4184,1949.23,4761,Fail
SAMEA104165359,8674836,6977,1243.35,2552,Fail
SAMEA4607722,9675394,6252,1547.57,5485,Fail
SAMN11849047,1455444,345,4218.68,6200,Fail
SAMEA5957615,3730272,740,5040.91,6953,Fail
SAMN06015505,6919163,5064,1366.34,3574,Fail
SAMEA111270953,5752340,676,8509.38,78537,Fail
SAMN35126857,3191364,861,3706.58,19486,Fail
SAMN30415926,5914734,3967,1490.98,4708,Fail
SAMN32772435,352284,267,1319.42,1422,Fail
SAMN28102173,4838420,362,13365.8,105654,Pass
SAMEA5786786,5544770,1556,3563.48,9708,Fail
SAMN36012086,10530331,12224,861.45,1684,Fail
SAMN06318802,5336159,875,6098.47,13591,Fail
SAMN06006272,9082173,821,11062.33,27730,Fail
SAMN32155872,7611136,5093,1494.43,2733,Fail
SAMN02782266,3626618,1787,2029.44,2534,Fail
SAMEA7469913,11203510,11469,976.85,3053,Fail
SAMEA7356876,8576378,10818,792.79,1817,Fail
SAMEA7584267,6258031,931,6721.84,26532,Fail
SAMN36841477,6325424,4443,1423.68,97068,Fail
SAMEA8606867,6086181,11397,534.02,621,Fail
SAMN10068458,8528447,7907,1078.59,2033,Fail
SAMN29870584,3547153,110,32246.85,105630,Fail
SAMN00013268,462116,751,615.33,616,Fail
SAMEA6424990,7513656,7573,992.16,3109,Fail
SAMEA112275594,9532679,5364,1777.16,3533,Fail
SAMEA112764390,6776486,1386,4889.24,11030,Fail
SAMN14491056,568745,418,1360.63,1830,Fail
SAMEA104292817,9436907,111,85017.18,306023,Fail
SAMEA20146168,3103332,1244,2494.64,3108,Fail
SAMEA104288099,8844521,7075,1250.11,4374,Fail
SAMEA104369966,7367748,3263,2257.97,6185,Fail
SAMD00254135,174100,60,2901.67,106213,Fail
SAMN18061170,4342841,1784,2434.33,10442,Fail
SAMEA9477090,7169167,1269,5649.46,22227,Fail
SAMEA111271793,5507817,594,9272.42,68131,Fail
SAMEA6107538,9336860,6500,1436.44,3193,Fail
SAMN06018843,8445868,8319,1015.25,1812,Fail
SAMN35152295,4204585,1579,2662.82,10833,Fail
SAMN17165535,4026172,1589,2533.78,4223,Fail
SAMEA111270686,9229772,9267,995.98,2195,Fail
SAMN40372527,5930239,912,6502.46,49665,Fail
SAMN16811097,2912999,359,8114.2,11146,Fail
SAMN41448921,8587813,9054,948.51,2059,Fail
SAMEA3982294,7519965,1540,4883.09,13156,Fail
SAMEA110354076,8831257,12888,685.23,1265,Fail
SAMEA9333906,9274562,4695,1975.41,4386,Fail
SAMEA8900015,124888,67,1864.0,4482,Fail
SAMEA7457080,8014659,9303,861.51,1581,Fail
SAMN03922998,7467664,7714,968.07,3489,Fail
SAMN13932431,158899,172,923.83,2631,Fail
SAMEA111272758,6176100,832,7423.2,39597,Fail
SAMEA115667439,5743443,526,10919.09,55406,Fail
SAMN26797091,6547218,4592,1425.79,69946,Fail
SAMN30416402,9221798,7905,1166.58,2390,Fail
SAMEA5616144,9481624,6486,1461.86,5895,Fail
SAMN35769041,8940984,8723,1024.99,2267,Fail
SAMEA5622752,9848434,4596,2142.83,14735,Fail
SAMEA18695668,3867758,890,4345.8,6094,Fail
SAMN03922988,7334450,8480,864.91,2856,Fail
SAMN30414382,6328946,1356,4667.36,19189,Fail
SAMN17165245,4165054,2542,1638.49,2784,Fail
SAMEA5616253,9035255,9381,963.14,4209,Fail
SAMN03922952,6491095,4429,1465.59,5670,Fail
SAMN21238944,5155493,350,14729.98,119243,Pass
SAMN27992945,7806536,8351,934.8,1914,Fail
SAMEA6422595,10091285,7087,1423.91,7208,Fail
SAMN23844315,11730682,21183,553.78,834,Fail
SAMEA115097329,9824678,8702,1129.01,3741,Fail
SAMN07197419,128323,10,12832.3,76514,Fail
SAMN14279028,8767431,9981,878.41,1570,Fail
SAMEA5075790,4819420,1146,4205.43,8597,Fail
SAMN07679185,466180,223,2090.49,4322,Fail
SAMN03922935,5462986,984,5551.82,19824,Fail
SAMEA4607700,6075113,800,7593.89,78073,Fail
SAMEA6422605,7975048,4938,1615.04,3185,Fail
SAMN16443714,871147,293,2973.2,5833,Fail
SAMEA115372074,9521497,2904,3278.75,14205,Fail
SAMEA5616287,5799720,563,10301.46,46192,Fail
SAMN35126911,2113762,1211,1745.47,6016,Fail
SAMN31676759,5458694,472,11565.03,44791,Pass
SAMEA111271393,9197941,12544,733.25,1329,Fail
SAMN05928448,3884086,228,17035.46,125368,Fail
SAMN32147114,4249995,576,7378.46,11416,Fail
SAMEA8701343,11208178,12891,869.46,1724,Fail
SAMN15904826,2136959,1631,1310.21,1607,Fail
SAMEA110471345,8452338,8289,1019.71,2021,Fail
SAMN07197414,185761,21,8845.76,103129,Fail
SAMEA18844918,518641,342,1516.49,1651,Fail
SAMEA6424950,9396260,7318,1283.99,3578,Fail
SAMEA104121202,6085606,690,8819.72,35066,Fail
SAMN04388567,5764203,792,7278.03,15462,Fail
SAMN35126855,2524461,361,6992.97,18517,Fail
SAMEA111272913,5718548,606,9436.55,49247,Fail
SAMN30416033,7430898,7597,978.14,1756,Fail
SAMN12533183,7522937,8264,910.33,1481,Fail
SAMN08865311,610304,113,5400.92,7322,Fail
SAMD00243952,5032246,1473,3416.32,5322,Fail
SAMN12781018,10400165,8765,1186.56,4223,Fail
SAMEA3982148,7058992,2599,2716.04,6437,Fail
SAMEA7356855,6597662,2133,3093.14,10219,Fail
SAMEA111274207,9879531,5973,1654.03,14800,Fail
SAMN18528213,8861855,10953,809.08,1344,Fail
SAMEA9477858,9864580,4342,2271.9,17898,Fail
SAMEA9837965,299486,39,7679.13,14957,Fail
SAMEA112764532,3728978,1535,2429.3,3411,Fail
SAMN08797360,10164055,4998,2033.62,10480,Fail
SAMEA20137918,3638436,921,3950.53,5581,Fail
SAMEA104292747,8404532,5619,1495.73,2788,Fail
SAMEA3321999,7440259,2031,3663.35,9163,Fail
SAMN29870560,3677149,359,10242.75,86407,Fail
SAMEA5043325,7166956,7057,1015.58,3050,Fail
SAMN03265466,5839551,1046,5582.74,37185,Fail
SAMN04388559,6616454,4350,1521.02,6459,Fail
SAMN12731768,10306997,4011,2569.68,24160,Fail
SAMN26378911,5420510,2880,1882.12,3839,Fail
SAMD00254132,147106,36,4086.28,37193,Fail
SAMEA5624202,168182,1,168182.0,168182,Fail
SAMN39401768,6158491,703,8760.3,34267,Fail
SAMEA110347799,6501033,1074,6053.1,19058,Fail
SAMEA7356849,8112427,4677,1734.54,3481,Fail
SAMN24387246,8259998,7891,1046.76,2567,Fail
SAMN35713771,6621373,2547,2599.68,9496,Fail
SAMEA20084668,2339589,1270,1842.2,2257,Fail
SAMEA111271486,6419718,241,26637.83,104232,Fail
SAMEA104128323,5016210,167,30037.19,158449,Pass
SAMEA9552143,5170224,262,19733.68,79590,Pass
SAMEA8581487,4926036,305,16150.94,70741,Pass
SAMEA5818336,5347728,186,28751.23,145924,Pass
SAMN29503727,5186103,173,29977.47,163249,Pass
SAMN15686874,4579632,558,8207.23,28719,Fail
SAMN19918870,5499172,337,16318.02,168495,Pass
SAMN14734126,5048908,196,25759.73,233288,Pass
SAMN30789430,4945326,165,29971.67,164466,Pass
SAMEA4552038,5279446,213,24786.13,154261,Pass
SAMN29642170,5277384,214,24660.67,114690,Pass
SAMN04562597,4481395,129,34739.5,98486,Fail
SAMN20880147,5460996,369,14799.45,145717,Pass
SAMN04518098,5304174,403,13161.72,53004,Pass
SAMEA12311016,4814133,228,21114.62,97774,Pass
SAMN40556821,5623668,530,10610.69,114193,Fail
SAMN36887237,5326178,186,28635.37,172789,Pass
SAMN21572772,5581393,431,12949.87,149433,Fail
SAMN12860496,4577019,105,43590.66,112869,Pass
SAMN30497349,5452109,370,14735.43,135712,Pass
SAMN20848547,5085589,324,15696.26,144051,Pass
SAMEA104448951,5307573,160,33172.33,102239,Pass
SAMN05966694,4516700,444,10172.75,29667,Pass
SAMN34267443,5216909,354,14737.03,122636,Pass
SAMN10925826,5310081,375,14160.22,106365,Pass
SAMN09298278,4556133,531,8580.29,22839,Fail
SAMEA8272085,5099939,181,28176.46,231721,Pass
SAMEA8933005,5721469,622,9198.5,114612,Fail
SAMEA5376148,5277851,388,13602.71,86106,Pass
SAMN28592759,4870669,100,48706.69,403022,Pass
SAMD00107032,3948587,39,101245.82,433604,Fail
SAMN13024119,5185659,132,39285.3,273651,Pass
SAMEA8272945,4996810,171,29221.11,136162,Pass
SAMD00499998,5186889,165,31435.69,144111,Pass
SAMEA2205040,5286066,170,31094.51,198728,Pass
SAMN30941687,5359294,423,12669.73,77839,Pass
SAMN09483839,5412017,310,17458.12,109283,Pass
SAMN39271350,5195972,175,29691.27,161828,Pass
SAMN36848553,4747864,125,37982.91,138069,Pass
SAMN35131763,4295319,1241,3461.18,7829,Fail
SAMN14349651,5179214,267,19397.81,111962,Pass
SAMEA6450866,4915766,109,45098.77,151801,Pass
SAMN14503413,4850977,208,23322.0,54050,Pass
SAMN12731536,5155906,86,59952.4,275548,Pass
SAMN08797033,5576937,398,14012.4,90691,Fail
SAMN15717382,4991283,211,23655.37,138787,Pass
SAMN28880011,4656906,218,21361.95,64083,Pass
SAMN41120256,4466881,535,8349.31,25061,Fail
SAMN12438411,4722095,52,90809.52,334120,Pass
SAMEA6491791,5294086,201,26338.74,231778,Pass
SAMN11444786,5194042,279,18616.64,231343,Pass
SAMN37429484,5036776,347,14515.2,39344,Pass
SAMEA8946557,4828167,73,66139.27,259689,Pass
SAMN33827464,5215519,381,13689.03,136081,Pass
SAMN35991226,5373768,338,15898.72,160708,Pass
SAMN38089891,4953361,136,36421.77,92653,Pass
SAMEA111272590,5165625,177,29184.32,111529,Pass
SAMEA3534219,4016757,665,6040.24,12950,Fail
SAMN15345010,5474527,451,12138.64,201748,Pass
SAMN27524684,5143257,134,38382.51,165344,Pass
SAMN08092932,5490925,421,13042.58,107542,Pass
SAMN29405900,4501059,570,7896.59,29344,Fail
SAMN25512722,5376703,459,11713.95,97300,Pass
SAMEA6424143,5462232,306,17850.43,138460,Pass
SAMEA111331624,4781235,240,19921.81,81383,Pass
SAMEA111330879,5303775,165,32144.09,269641,Pass
SAMN25988629,5290661,210,25193.62,118642,Pass
SAMN04351460,5635649,470,11990.74,104253,Fail
SAMN38814122,5011808,151,33190.78,150865,Pass
SAMN38093840,5143244,142,36220.03,189473,Pass
SAMN14345049,5103572,175,29163.27,250477,Pass
SAMN16787801,5022331,96,52315.95,347510,Pass
SAMN04148328,5465099,381,14344.09,127340,Pass
SAMN41782197,4636051,454,10211.57,23281,Pass
SAMN03492448,5389203,392,13747.97,58131,Pass
SAMN14519245,5182023,212,24443.5,173842,Pass
SAMEA20050918,4579155,306,14964.56,34985,Pass
SAMN12359552,5045400,127,39727.56,184995,Pass
SAMEA4363599,4912608,130,37789.29,108918,Pass
SAMN36842638,5469642,415,13179.86,101010,Pass
SAMN33712828,4608401,550,8378.91,34351,Fail
SAMEA4362899,4786703,96,49861.49,185321,Pass
SAMN28817119,5752724,486,11836.88,124349,Fail
SAMEA5622606,5333156,251,21247.63,91862,Pass
SAMN41608864,4810885,503,9564.38,22738,Fail
SAMN07676278,4873231,51,95553.55,277379,Pass
SAMN08095838,5261631,315,16703.59,106874,Pass
SAMEA104292490,4852296,157,30906.34,131119,Pass
SAMN29854030,5170712,209,24740.25,240969,Pass
SAMN40748913,4976546,151,32957.26,139125,Pass
SAMEA5621932,5162570,198,26073.59,100030,Pass
SAMN09405621,4652437,124,37519.65,150124,Pass
SAMEA104407616,5133136,166,30922.51,133545,Pass
SAMN37211091,5293115,427,12396.05,50275,Pass
SAMN37285046,5277753,391,13498.09,130551,Pass
SAMN12499520,4830369,579,8342.61,25752,Fail
SAMN12860963,5395890,325,16602.74,188562,Pass
SAMN40702605,4535531,453,10012.21,25290,Pass
SAMN41063976,5226839,218,23976.33,98092,Pass
SAMN11419349,4567687,584,7821.38,31449,Fail
SAMN40377628,5424294,352,15409.93,122290,Pass
SAMEA110237351,4895744,195,25106.38,82835,Pass
SAMN10624499,5096289,183,27848.57,129705,Pass
SAMN34420482,5431257,236,23013.8,101816,Pass
SAMEA8892589,4454809,578,7707.28,20724,Fail
SAMEA115627515,5076660,219,23181.1,99908,Pass
SAMEA4643259,4663369,99,47104.74,132691,Pass
SAMN12731575,5328056,178,29932.9,228276,Pass
SAMN21615240,5523679,418,13214.54,119085,Fail
SAMEA13790067,4607297,158,29160.11,96960,Pass
SAMN27524774,5459622,258,21161.33,147878,Pass
SAMEA12921754,5128288,175,29304.5,122262,Pass
SAMN15249552,4750169,85,55884.34,129927,Pass
SAMN05750765,4434735,462,9598.99,23385,Fail
SAMN25142755,4899891,220,22272.23,60438,Pass
SAMN30937779,5033452,169,29783.74,117387,Pass
SAMN18083105,5161965,186,27752.5,136249,Pass
SAMN28173732,5488018,578,9494.84,67604,Fail
SAMN41063120,4812950,88,54692.61,193125,Pass
SAMEA8933301,5316083,262,20290.39,112243,Pass
SAMN14519085,5320725,222,23967.23,179574,Pass
SAMN18795241,5284950,376,14055.72,83990,Pass
SAMEA110237023,5279351,339,15573.31,69034,Pass
SAMN31155454,5158761,319,16171.66,151524,Pass
SAMEA113604147,4896667,153,32004.36,216055,Pass
SAMN26497680,5245182,211,24858.68,243060,Pass
SAMEA5719503,4577646,101,45323.23,148541,Pass
SAMN23844042,5459628,208,26248.21,155634,Pass
SAMN42469888,4862549,98,49617.85,231523,Pass
SAMN28743487,5140879,309,16637.15,44731,Pass
SAMN05980776,5287893,322,16422.03,135770,Pass
SAMN12179909,4478941,543,8248.51,22454,Fail
SAMN41032430,5482990,509,10772.08,93648,Fail
SAMN26747757,5522224,394,14015.8,160031,Fail
SAMN16245136,5145998,230,22373.9,99370,Pass
SAMN20125891,5219461,170,30702.71,149618,Pass
SAMN26309043,5206610,133,39147.44,363743,Pass
SAMN13829790,5083208,174,29213.84,255420,Pass
SAMN41178223,5139944,388,13247.28,105392,Pass
SAMEA12944077,5428542,247,21977.9,132756,Pass
SAMEA115376138,5598596,495,11310.29,120325,Fail
SAMN35723139,5554116,495,11220.44,126548,Fail
SAMEA10300602,5033670,99,50845.15,319289,Pass
SAMN21590345,5456235,163,33473.83,244220,Pass
SAMEA7281103,5265707,207,25438.2,95168,Pass
SAMEA7330209,4770113,124,38468.65,215775,Pass
SAMN21157004,5226670,113,46253.72,199162,Pass
SAMN26309321,5022941,114,44060.89,145157,Pass
SAMEA5855140,4882451,140,34874.65,131212,Pass
SAMN13830321,4689625,567,8270.94,25093,Fail
SAMN14478440,4583153,133,34459.8,176747,Pass
SAMN41330392,5095669,272,18734.08,70591,Pass
SAMN16272385,5162605,242,21333.08,130924,Pass
SAMN33583534,4971338,60,82855.63,282510,Pass
SAMN17038812,5167245,269,19209.09,191808,Pass
SAMN04229569,5386861,314,17155.61,99714,Pass
SAMEA7038622,4987388,185,26958.85,100138,Pass
SAMN12802334,4782846,559,8556.08,25093,Fail
SAMN22608556,5287288,211,25058.24,118030,Pass
SAMN06244802,4534311,95,47729.59,127488,Pass
SAMEA6368202,5315968,213,24957.6,107810,Pass
SAMN26427185,5100017,251,20318.79,126306,Pass
SAMN27009910,4276732,616,6942.75,18232,Fail
SAMN19236090,5495558,399,13773.33,160847,Pass
SAMN19135987,4793781,189,25363.92,72182,Pass
SAMEA4464641,5953570,493,12076.21,70775,Fail
SAMN16636148,5267296,427,12335.59,105392,Pass
SAMEA3876196,5256331,332,15832.32,97147,Pass
SAMN37231963,5121546,217,23601.59,210813,Pass
SAMN29145255,5079686,132,38482.47,159420,Pass
SAMN12324422,5446903,386,14111.15,124299,Pass
SAMN09695346,5417586,323,16772.71,194734,Pass
SAMN15889829,5170906,185,27950.84,115000,Pass
SAMN06015602,5214860,251,20776.33,122685,Pass
SAMEA110466850,4515158,533,8471.22,34766,Fail
SAMN11192210,5516252,526,10487.17,97216,Fail
SAMN20606635,5172089,430,12028.11,90293,Pass
SAMEA4043260,4904520,77,63695.06,233654,Pass
SAMN42231628,5232573,106,49363.9,389934,Pass
SAMEA56757418,4565820,476,9592.06,28822,Pass
SAMEA5622046,5003146,153,32700.3,114181,Pass
SAMN23385434,5463148,383,14264.09,150212,Pass
SAMN31685145,5142717,157,32756.16,260736,Pass
SAMN12785835,5288622,360,14690.62,197772,Pass
SAMEA3472131,4764488,121,39375.93,125725,Pass
SAMEA5786924,4808651,128,37567.59,169417,Pass
SAMEA9850650,5269332,135,39032.09,221310,Pass
SAMN41500215,4894689,467,10481.13,41213,Pass
SAMN10221190,4900641,300,16335.47,76666,Pass
SAMEA8550420,5288837,163,32446.85,205093,Pass
SAMEA7818243,5186948,161,32217.07,414718,Pass
SAMEA9435863,4585136,88,52103.82,217752,Pass
SAMN06685504,4482161,498,9000.32,25362,Fail
SAMEA111351665,4566265,96,47565.26,148541,Pass
SAMN10040607,4420833,549,8052.52,23122,Fail
SAMN15464724,4897571,82,59726.48,227194,Pass
SAMN41340839,5175767,170,30445.69,135530,Pass
SAMEA5876520,4787876,309,15494.74,71058,Pass
SAMN32964210,5479122,514,10659.77,104236,Fail
SAMEA113542929,5007268,232,21583.05,109977,Pass
SAMEA5623238,5083586,157,32379.53,119202,Pass
SAMEA10301681,4938466,211,23405.05,103120,Pass
SAMN12324433,4435629,393,11286.59,31906,Fail
SAMN31098672,5103382,144,35440.15,193024,Pass
SAMEA6802128,4577747,116,39463.34,176744,Pass
SAMEA5786846,4958872,249,19915.15,99099,Pass
SAMN09382749,5605297,424,13220.04,156930,Fail
SAMN04447593,5370339,398,13493.31,73077,Pass
SAMN16787503,5104308,78,65439.85,308312,Pass
SAMEA115471889,4926091,93,52968.72,199491,Pass
SAMN13153230,4961624,82,60507.61,174426,Pass
SAMN13337160,5222083,240,21758.68,92155,Pass
SAMN27009858,4628020,418,11071.82,31765,Pass
SAMN12768846,5086301,161,31591.93,94704,Pass
SAMN10821418,5203002,153,34006.55,222661,Pass
SAMN30413920,5084587,233,21822.26,106673,Pass
SAMN13019800,5203713,97,53646.53,217695,Pass
SAMEA5663144,4620634,171,27021.25,105791,Pass
SAMN15594704,4985228,428,11647.73,89074,Pass
SAMEA8743324,4375085,570,7675.59,26127,Fail
SAMN15052563,5225474,409,12776.22,174541,Pass
SAMN35654573,5202321,168,30966.2,168750,Pass
SAMN14490903,5198655,326,15946.79,38632,Pass
SAMN05604774,5276127,342,15427.27,134860,Pass
SAMEA5161525,5156734,149,34608.95,183360,Pass
SAMN26304828,5367051,241,22269.92,129699,Pass
SAMN07450911,5356795,355,15089.56,124085,Pass
SAMN25849949,4951301,110,45011.83,193104,Pass
SAMN05275913,5105195,121,42191.69,142577,Pass
SAMN09227618,5314533,308,17254.98,124049,Pass
SAMEA4744050,4831974,140,34514.1,132864,Pass
SAMN05596195,4932954,156,31621.5,90598,Pass
SAMN13837109,5270399,200,26351.99,159050,Pass
SAMEA12999588,5504776,188,29280.72,173210,Fail
SAMN07514605,5529659,379,14590.13,96551,Fail
SAMN35326545,4551727,528,8620.7,32386,Fail
SAMN07540313,5553141,315,17629.02,133926,Fail
SAMN14503227,4945365,122,40535.78,184923,Pass
SAMEA4644912,4816287,108,44595.25,157060,Pass
SAMN41330186,4954665,196,25278.9,92100,Pass
SAMN10458612,5626989,512,10990.21,96349,Fail
SAMN41055373,5115526,280,18269.74,126344,Pass
SAMN08963257,5286030,303,17445.64,123928,Pass
SAMN32147071,4586724,133,34486.65,132676,Pass
SAMN26939224,5260270,111,47389.82,271670,Pass
SAMN20966991,4952247,86,57584.27,261167,Pass
SAMN38856884,5665157,423,13392.81,94996,Fail
SAMN00854652,4827063,201,24015.24,92244,Pass
SAMEA110008741,4422095,453,9761.8,28526,Fail
SAMEA5611871,4790281,194,24692.17,125143,Pass
SAMN31972884,5176691,448,11555.11,168634,Pass
SAMN05606871,5485111,362,15152.24,124406,Pass
SAMEA104060784,5352272,138,38784.58,172192,Pass
SAMN41273553,5363813,470,11412.37,91931,Pass
SAMEA10300993,4883128,94,51948.17,366965,Pass
SAMN41464949,5108569,172,29700.98,147896,Pass
SAMEA5422619,5266914,74,71174.51,283038,Pass
SAMN38200028,5390767,457,11795.99,129700,Pass
SAMN41155881,4736693,552,8580.97,24420,Fail
SAMN41339754,5097325,196,26006.76,106130,Pass
SAMN09866919,4721797,203,23260.08,64006,Pass
SAMN41200191,4790711,211,22704.79,93352,Pass
SAMEA110471261,5487954,603,9101.08,88145,Fail
SAMN09738611,5414440,312,17353.97,148495,Pass
SAMEA7177437,4787443,178,26895.75,94975,Pass
SAMN10279816,5256488,269,19540.85,150145,Pass
SAMN41046061,4867384,560,8691.76,23425,Fail
SAMN41452883,5196380,159,32681.64,248589,Pass
SAMN42371317,5070197,295,17187.11,226585,Pass
SAMN26304818,5022473,76,66085.17,323238,Pass
SAMN06458189,4748829,535,8876.32,27362,Fail
SAMN32784403,5045872,134,37655.76,195769,Pass
SAMN28743565,5013178,327,15330.82,40470,Pass
SAMN08519220,5237886,75,69838.48,285300,Pass
SAMN37006456,4984237,298,16725.63,66426,Pass
SAMN41769537,5275955,486,10855.87,75666,Pass
SAMN19777085,4886928,166,29439.33,128941,Pass
SAMD00064357,5649413,528,10699.65,76018,Fail
SAMN20769344,5517906,466,11841.0,123466,Fail
SAMN06308685,5519141,404,13661.24,101082,Fail
SAMN38414531,5451636,272,20042.78,117991,Pass
SAMEA8811156,4465112,542,8238.21,23465,Fail
SAMN42378119,5387290,569,9468.0,72749,Fail
SAMEA5185626,5256764,134,39229.58,201526,Pass
SAMN32739514,5091551,146,34873.64,99893,Pass
SAMEA13790027,4679104,159,29428.33,95590,Pass
SAMN31988516,5325877,180,29588.21,272314,Pass
SAMN09284894,4563705,538,8482.72,22381,Fail
SAMN15150498,4858123,190,25569.07,146393,Pass
SAMN27524980,5525558,598,9240.06,76390,Fail
SAMN19242097,4690100,112,41875.89,110778,Pass
SAMN06006204,4357932,595,7324.26,19149,Fail
SAMN08379502,4530832,480,9439.23,25362,Pass
SAMN13616465,5477227,440,12448.24,127258,Pass
SAMN16960786,5451524,460,11851.14,74643,Pass
SAMEA1030022,4644593,522,8897.69,23265,Fail
SAMN15077030,4970612,70,71008.74,324492,Pass
SAMEA115372136,5156924,461,11186.39,24294,Pass
SAMN20748587,5250224,329,15958.13,96661,Pass
SAMN27352451,5568045,338,16473.51,146408,Fail
SAMN06767279,5518498,176,31355.1,145324,Fail
SAMN04158610,4948352,274,18059.68,46493,Pass
SAMN06463931,4623870,552,8376.58,23752,Fail
SAMEA5970175,5146302,158,32571.53,128237,Pass
SAMEA6813717,4513014,129,34984.6,126073,Pass
SAMEA112275402,5478953,382,14342.81,145614,Pass
SAMN22822142,5385726,327,16470.11,229829,Pass
SAMN20065094,5656601,379,14925.07,111121,Fail
SAMN26309282,5163560,90,57372.89,295065,Pass
SAMN31034527,4943948,71,69633.07,389187,Pass
SAMN11466968,5445128,340,16015.08,188430,Pass
SAMN09870189,5706111,494,11550.83,67930,Fail
SAMN12684757,5427178,325,16699.01,184324,Pass
SAMN08332720,5384205,145,37132.45,127185,Pass
SAMN16063469,5271220,315,16734.03,169456,Pass
SAMN25050067,4739312,188,25209.11,89578,Pass
SAMN40559723,5419048,408,13281.98,140665,Pass
SAMN20713046,4907045,376,13050.65,55024,Pass
SAMN09725147,5015903,111,45188.32,149024,Pass
SAMN26426941,5079659,231,21989.87,115728,Pass
SAMEA5075897,5263085,381,13813.87,38817,Pass
SAMEA5377523,5230946,187,27972.97,113182,Pass
SAMEA110355640,5194637,574,9049.89,31474,Fail
SAMN17128990,4573013,503,9091.48,30555,Fail
SAMEA6832488,4841967,235,20604.11,72599,Pass
SAMN09060822,5345760,171,31261.75,141387,Pass
SAMN16853733,5586971,390,14325.57,184501,Fail
SAMN12943680,5033446,347,14505.61,71146,Pass
SAMN30811720,5363591,354,15151.39,109634,Pass
SAMN12731742,5310373,148,35880.9,167014,Pass
SAMN05439344,4896867,112,43722.03,155829,Pass
SAMN17165757,4431964,121,36627.8,92837,Fail
SAMN41330345,4829879,257,18793.3,44099,Pass
SAMEA7457258,5538805,212,26126.44,177486,Fail
SAMN39748286,5344498,188,28428.18,148151,Pass
SAMN33413431,4856981,602,8068.07,25362,Fail
SAMN10875453,5086056,137,37124.5,278958,Pass
SAMEA111482611,5121403,321,15954.53,83029,Pass
SAMN36729093,5289241,161,32852.43,253851,Pass
SAMN34264238,5534176,502,11024.25,104181,Fail
SAMN25936503,5298361,765,6925.96,134671,Fail
SAMN12585275,5696915,650,8764.48,126811,Fail
SAMN14774255,5121310,245,20903.31,66201,Pass
SAMD00495951,5217569,547,9538.52,32670,Fail
SAMEA7608665,5411227,263,20575.01,192702,Pass
SAMN41330408,5028877,91,55262.38,195786,Pass
SAMN06624394,5705736,517,11036.24,78280,Fail
SAMN06858683,4548144,95,47875.2,128599,Pass
SAMN30439622,4490195,537,8361.63,29674,Fail
SAMN31521612,5338653,408,13084.93,117530,Pass
SAMEA110355607,5045976,219,23040.99,81280,Pass
SAMN41444073,4562706,426,10710.58,23385,Pass
SAMN13948682,4810003,167,28802.41,106499,Pass
SAMN20065124,4868779,169,28809.34,248831,Pass
SAMN12913071,5569099,573,9719.2,118350,Fail
SAMN33354746,5415284,315,17191.38,167767,Pass
SAMN36887223,5127853,164,31267.4,208735,Pass
SAMN38033903,4661352,145,32147.26,96336,Pass
SAMEA5611100,4636821,47,98655.77,589226,Pass
SAMEA5611824,4653227,131,35520.82,152886,Pass
SAMN06928087,5112724,165,30986.21,116619,Pass
SAMN06111295,5492415,359,15299.21,92175,Pass
SAMN14230749,5036849,421,11964.01,37142,Pass
SAMN25598328,5621937,412,13645.48,123930,Fail
SAMN13353195,4739199,481,9852.8,29151,Pass
SAMEA111269502,5167883,96,53832.11,317130,Pass
SAMEA12816838,4667954,120,38899.62,136609,Pass
SAMEA104039650,5012905,71,70604.3,336999,Pass
SAMN27150438,5166596,105,49205.68,336239,Pass
SAMN10075660,4359012,420,10378.6,27824,Fail
SAMN35146659,4959122,83,59748.46,295297,Pass
SAMN09228489,4434683,475,9336.17,27672,Fail
SAMN19777041,4950791,90,55008.79,389848,Pass
SAMN30414621,5189009,407,12749.41,61931,Pass
SAMN40604418,5179403,427,12129.75,103383,Pass
SAMN14349820,5151269,483,10665.15,83476,Pass
SAMEA9973383,4959876,45,110219.47,685820,Pass
SAMN04395987,4864118,219,22210.58,168421,Pass
SAMEA110347736,5770541,480,12021.96,92086,Fail
SAMEA1317901,4812758,198,24306.86,129451,Pass
SAMN32025493,5444636,392,13889.38,111197,Pass
SAMN10093613,5060042,154,32857.42,191383,Pass
SAMN13655828,5318180,276,19268.77,193705,Pass
SAMEA12944404,5147294,177,29080.76,105419,Pass
SAMN35347469,5311174,199,26689.32,312095,Pass
SAMN17772277,4690469,619,7577.49,27614,Fail
SAMN04558437,5501926,397,13858.76,130425,Fail
SAMN41916939,4454316,530,8404.37,34692,Fail
SAMEA4062185,5272890,300,17576.3,75557,Pass
SAMN37932489,5189091,400,12972.73,99676,Pass
SAMN11119249,5210268,176,29603.8,133747,Pass
SAMEA111331469,4891474,66,74113.24,436765,Pass
SAMN05171049,5312100,336,15809.82,68445,Pass
SAMN39980334,5299110,187,28337.49,166240,Pass
SAMN11853311,5564641,391,14231.82,119586,Fail
SAMN39290645,4898062,149,32872.9,171553,Pass
SAMN13828665,5342599,509,10496.27,44096,Fail
SAMN36744215,5245268,312,16811.76,122292,Pass
SAMN38800753,4759042,514,9258.84,23371,Fail
SAMEA111351669,4553948,110,41399.53,132633,Pass
SAMN12904805,4556898,99,46029.27,125001,Pass
SAMN16560079,4547080,157,28962.29,82589,Pass
SAMN22060845,5355096,244,21947.11,145259,Pass
SAMEA8808496,4780793,627,7624.87,23704,Fail
SAMEA5776939,4958154,170,29165.61,153699,Pass
SAMN03080579,4556777,146,31210.8,81961,Pass
SAMN17166013,4419951,164,26950.92,65936,Fail
SAMEA1486451,5292077,135,39200.57,210008,Pass
SAMN10058971,5275229,229,23035.93,95643,Pass
SAMEA115626810,5641282,771,7316.84,26083,Fail
SAMN30942204,5779553,467,12375.92,119978,Fail
SAMEA112764031,5092656,150,33951.04,373865,Pass
SAMEA6511040,5222221,258,20241.17,80813,Pass
SAMN30414314,4825163,255,18922.21,59872,Pass
SAMN12358407,5013806,705,7111.78,27333,Fail
SAMN27738613,5172441,156,33156.67,127736,Pass
SAMN13918749,4698105,447,10510.3,23987,Pass
SAMN18491658,4566681,560,8154.79,31447,Fail
SAMEA110363104,4996168,309,16168.83,66505,Pass
SAMN33745233,5124495,399,12843.35,155155,Pass
SAMEA112764319,4731222,262,18058.1,75645,Pass
SAMN11656309,5317972,204,26068.49,135153,Pass
SAMN23583052,5266170,880,5984.28,35080,Fail
SAMEA115376187,4905788,132,37165.06,327887,Pass
SAMEA115097170,5754226,765,7521.86,53306,Fail
SAMEA111330896,5252085,200,26260.42,268657,Pass
SAMEA5619070,4853772,118,41133.66,223987,Pass
SAMEA6240716,5339039,177,30164.06,281599,Pass
SAMN39509426,5192709,109,47639.53,270841,Pass
SAMN14518939,5159812,270,19110.41,187983,Pass
SAMN23844074,5523491,472,11702.31,61905,Fail
SAMN11381897,5339912,265,20150.61,197249,Pass
SAMN22245338,5434554,471,11538.33,121313,Pass
SAMN41120114,4734353,591,8010.75,25061,Fail
SAMN18875226,5090471,147,34629.05,167965,Pass
SAMEA112661686,5351497,204,26232.83,242971,Pass
SAMN14290477,4690294,550,8527.81,26034,Fail
SAMEA110237195,4994781,170,29381.06,145881,Pass
SAMN13019240,5709999,703,8122.33,57181,Fail
SAMN06127043,5201530,372,13982.61,97204,Pass
SAMN15583083,5567613,496,11225.03,146785,Fail
SAMN06847251,4872294,546,8923.62,25362,Fail
SAMEA8893350,4617273,558,8274.68,22223,Fail
SAMEA113603532,5094484,139,36650.96,206782,Pass
SAMN14485295,4911145,116,42337.46,193805,Pass
SAMN20285715,5427305,186,29179.06,133269,Pass
SAMN28700037,5626869,583,9651.58,117941,Fail
SAMN11942539,5607357,461,12163.46,142178,Fail
SAMEA111331461,5154184,100,51541.84,206869,Pass
SAMN36381404,5121490,211,24272.46,223846,Pass
SAMN19855173,5095383,193,26400.95,192151,Pass
SAMN32934879,4802423,89,53959.81,233541,Pass
SAMD00166682,5570709,558,9983.35,63762,Fail
SAMN06893786,4987832,128,38967.44,140243,Pass
SAMN15744993,5329200,138,38617.39,201845,Pass
SAMN03952744,5620623,511,10999.26,142782,Fail
SAMEA3345014,4767333,577,8262.28,23632,Fail
SAMD00179457,4857907,82,59242.77,183735,Pass
SAMN17516789,4429524,475,9325.31,25626,Fail
SAMEA2494303,4584569,534,8585.34,23377,Fail
SAMN12562645,5574050,350,15925.86,111186,Fail
SAMN29226636,4742795,559,8484.43,25362,Fail
SAMN40646297,5371645,502,10700.49,75545,Fail
SAMEA2205693,5066176,132,38380.12,159537,Pass
SAMN13348546,4479697,524,8549.04,24460,Fail
SAMN12145149,5304772,204,26003.78,128794,Pass
SAMN30049192,5360374,268,20001.4,196763,Pass
SAMEA5162799,4844459,137,35361.01,314353,Pass
SAMEA114527553,5199599,145,35859.3,180704,Pass
SAMN26304962,5161172,128,40321.66,295582,Pass
SAMN04263049,4576363,95,48172.24,175728,Pass
SAMN17516169,5347385,622,8597.08,68218,Fail
SAMN20970140,4889661,114,42891.76,152625,Pass
SAMN31611589,5557514,550,10104.57,92184,Fail
SAMN26186911,5132853,258,19894.78,149226,Pass
SAMD00194577,5361271,352,15230.88,118229,Pass
SAMN39051188,4572750,518,8827.7,32859,Fail
SAMEA5623206,4728485,115,41117.26,112013,Pass
SAMN40751039,4630957,577,8025.92,30204,Fail
SAMN38051698,6201492,771,8043.44,48591,Fail
SAMN09763619,5420753,339,15990.42,148373,Pass
SAMN41330058,4969763,291,17078.22,105431,Pass
SAMN36302693,5276090,354,14904.21,118677,Pass
SAMEA9477626,4775630,67,71278.06,553621,Pass
SAMN41594208,5241903,389,13475.33,99886,Pass
SAMN13334877,5039310,252,19997.26,146208,Pass
SAMN38761588,4956892,205,24179.96,89476,Pass
SAMN12773243,5417501,408,13278.19,131772,Pass
SAMN37211249,5194866,174,29855.55,79368,Pass
SAMEA5376735,5441172,231,23554.86,104252,Pass
SAMN01048063,4561068,100,45610.68,148482,Pass
SAMN08172696,4550190,700,6500.27,18998,Fail
SAMN08941073,5212342,358,14559.61,122672,Pass
SAMN18085340,5235872,222,23585.01,154794,Pass
SAMN33874216,5069181,150,33794.54,362491,Pass
SAMN41091783,5022524,95,52868.67,276575,Pass
SAMEA3697257,4879641,81,60242.48,208737,Pass
SAMN37211159,4942656,208,23762.77,88212,Pass
SAMEA3641262,4465426,460,9707.45,24280,Fail
SAMEA104292318,5196963,171,30391.6,194341,Pass
